TWOU,2U Inc,NASDAQ,1692770177.67
AAON,AAON Inc,NASDAQ,1740922920
ABMD,ABIOMED Inc,NASDAQ,4815724032.93
ACIA,Acacia Communications Inc,NASDAQ,2898400739.35
ACHC,Acadia Healthcare Company Inc,NASDAQ,3350401075.49
ACAD,ACADIA Pharmaceuticals Inc,NASDAQ,3237373103.58
ACIW,ACI Worldwide Inc,NASDAQ,2261336258
ATVI,Activision Blizzard Inc,NASDAQ,27617808866.36
ACXM,Acxiom Corporation,NASDAQ,2093197816.22
ADBE,Adobe Systems Incorporated,NASDAQ,52323199314.6
AEIS,Advanced Energy Industries Inc,NASDAQ,2193994210.56
AMD,Advanced Micro Devices Inc,NASDAQ,8049854798.46
AGIO,Agios Pharmaceuticals Inc,NASDAQ,2602815435.15
AGNC,AGNC Investment Corp,NASDAQ,6351118987.245
AGNCB,AGNC Investment Corp,NASDAQ,8708022836.205
AKAM,Akamai Technologies Inc,NASDAQ,11583366051.24
AKRX,Akorn Inc,NASDAQ,2691423309.19
ALRM,Alarmcom Holdings Inc,NASDAQ,1415089477.26
ALXN,Alexion Pharmaceuticals Inc,NASDAQ,26241500725.96
ALGN,Align Technology Inc,NASDAQ,7527460912.92
ALKS,Alkermes plc,NASDAQ,8875076148.8
ALGT,Allegiant Travel Company,NASDAQ,2747486879.1
AHGP,Alliance Holdings GP LP,NASDAQ,1790502330
ARLP,Alliance Resource Partners LP,NASDAQ,1740375585
MDRX,Allscripts Healthcare Solutions Inc,NASDAQ,2055432478.915
ALNY,Alnylam Pharmaceuticals Inc,NASDAQ,3919119397.23
GOOG,Alphabet Inc,NASDAQ,529100895231.74
GOOGL,Alphabet Inc,NASDAQ,541052292365
AYA,Amaya Inc,NASDAQ,2015439910.3
AMZN,Amazoncom Inc,NASDAQ,373162528648.91
AMBA,Ambarella Inc,NASDAQ,2035561554
AMCX,AMC Networks Inc,NASDAQ,3741075175.04
DOX,Amdocs Limited,NASDAQ,8825285880
UHAL,Amerco,NASDAQ,6675667502.48
AAL,American Airlines Group Inc,NASDAQ,23872616562.7
ACAS,American Capital Ltd,NASDAQ,3716313222.25
ANAT,American National Insurance Company,NASDAQ,3327710758.24
ABCB,Ameris Bancorp,NASDAQ,1538224854.7
AMGN,Amgen Inc,NASDAQ,107377769752.82
AMKR,Amkor Technology Inc,NASDAQ,2878486207.8
AMSG,Amsurg Corp,NASDAQ,3561683429.39
AFSI,AmTrust Financial Services Inc,NASDAQ,4372062070.95
ADI,Analog Devices Inc,NASDAQ,22414868961.3
ANSS,ANSYS Inc,NASDAQ,8124032892.93
AAPL,Apple Inc,NASDAQ,595885977750
AMAT,Applied Materials Inc,NASDAQ,34231908419.52
ACGL,Arch Capital Group Ltd,NASDAQ,9933309559.36
ARCC,Ares Capital Corporation,NASDAQ,4954194246.24
AGII,Argo Group International Holdings Ltd,NASDAQ,1932807516
ARIA,ARIAD Pharmaceuticals Inc,NASDAQ,2594523516.32
ARRS,ARRIS International plc,NASDAQ,5506527913.44
ASML,ASML Holding NV,NASDAQ,6613412199.1
AZPN,Aspen Technology Inc,NASDAQ,4023743071.3
ASTE,Astec Industries Inc,NASDAQ,1477370393.55
ATHN,athenahealth Inc,NASDAQ,4053358626.24
ABY,Atlantica Yield plc,NASDAQ,1836481289.5
TEAM,Atlassian Corporation Plc,NASDAQ,6018013543.6
ADSK,Autodesk Inc,NASDAQ,16688569596.81
ADP,Automatic Data Processing Inc,NASDAQ,43497609850.97
AVXS,AveXis Inc,NASDAQ,1536033984
CAR,Avis Budget Group Inc,NASDAQ,3483944576.44
BEAV,B/E Aerospace Inc,NASDAQ,6017954752.19
BIDU,Baidu Inc,NASDAQ,45068946025.1
BCPC,Balchem Corporation,NASDAQ,2537675760
OZRK,Bank of the Ozarks,NASDAQ,5840528592.18
BANR,Banner Corporation,NASDAQ,1712179272.18
BECN,Beacon Roofing Supply Inc,NASDAQ,2710855077.84
BBBY,Bed Bath & Beyond Inc,NASDAQ,6953286057.84
BGCP,BGC Partners Inc,NASDAQ,2740163349.225
BIIB,Biogen Inc,NASDAQ,69249605176.12
BMRN,BioMarin Pharmaceutical Inc,NASDAQ,14699766240.39
TECH,Bio-Techne Corp,NASDAQ,3927586013.34
BLKB,Blackbaud Inc,NASDAQ,3208441583.16
BBRY,BlackBerry Limited,NASDAQ,4008223200.77
HAWK,Blackhawk Network Holdings Inc,NASDAQ,2024029350
BLMN,Bloomin&#39; Brands Inc,NASDAQ,2054069147.74
BUFF,Blue Buffalo Pet Products Inc,NASDAQ,4563084801.6
BLUE,bluebird bio Inc,NASDAQ,2273659174.1
BNCN,BNC Bancorp,NASDAQ,1593155829.85
BOFI,BofI Holding Inc,NASDAQ,1535649191.6976
BOKF,BOK Financial Corporation,NASDAQ,5375656628.24
AVGO,Broadcom Limited,NASDAQ,70327322562
BRCD,Brocade Communications Systems Inc,NASDAQ,4994829430.175
BRKR,Bruker Corporation,NASDAQ,3673240699.6
BWLD,Buffalo Wild Wings Inc,NASDAQ,3079799888.4
CHRW,CH Robinson Worldwide Inc,NASDAQ,10470604877.26
CA,CA Inc,NASDAQ,13191114595.12
CCMP,Cabot Microelectronics Corporation,NASDAQ,1505873333.97
CDNS,Cadence Design Systems Inc,NASDAQ,7675360550
CACQ,Caesars Acquisition Company,NASDAQ,1658699676
CSQ,Calamos Strategic Total Return Fund,NASDAQ,1569599566.2
CALM,Cal-Maine Foods Inc,NASDAQ,1941237240
CBF,Capital Bank Financial Corp,NASDAQ,1552266781.1
CFFN,Capitol Federal Financial Inc,NASDAQ,2211241974.2
CATM,Cardtronics plc,NASDAQ,2265101250
CRZO,Carrizo Oil & Gas Inc,NASDAQ,2548509313.35
CASY,Caseys General Stores Inc,NASDAQ,4720813863.7
CATY,Cathay General Bancorp,NASDAQ,2822686525.7
CAVM,Cavium Inc,NASDAQ,3657045572
CBOE,CBOE Holdings Inc,NASDAQ,5546909349.68
CDK,CDK Global Inc,NASDAQ,8730934261.6
CDW,CDW Corporation,NASDAQ,8217944576
CELG,Celgene Corporation,NASDAQ,93822879362.94
CDEV,Centennial Resource Development Inc,NASDAQ,2715874000
CENT,Central Garden & Pet Company,NASDAQ,1512201835.56
CENTA,Central Garden & Pet Company,NASDAQ,1426211892.69
CERN,Cerner Corporation,NASDAQ,16991791166.35
CHTR,Charter Communications Inc,NASDAQ,73897065323.84
CHKP,Check Point Software Technologies Ltd,NASDAQ,14649751566.48
CHFC,Chemical Financial Corporation,NASDAQ,3676889886.52
PLCE,Children&#39;s Place Inc (The),NASDAQ,1914353072.8
CBPO,China Biologic Products Inc,NASDAQ,3151515617.25
HTHT,China Lodging Group Limited,NASDAQ,1455696281.76
CHDN,Churchill Downs Incorporated,NASDAQ,2558000530.425
CMPR,Cimpress NV,NASDAQ,2731116036.15
CINF,Cincinnati Financial Corporation,NASDAQ,12400625917.68
CTAS,Cintas Corporation,NASDAQ,12050810160.84
CRUS,Cirrus Logic Inc,NASDAQ,3670405458.16
CSCO,Cisco Systems Inc,NASDAQ,150135073419.09
CTXS,Citrix Systems Inc,NASDAQ,13795193761.4
CME,CME Group Inc,NASDAQ,38112426689.81
CNV,Cnova NV,NASDAQ,2405073260.7
COKE,Coca-Cola Bottling Co Consolidated,NASDAQ,1536483322.02
CCOI,Cogent Communications Holdings Inc,NASDAQ,1748945235.9
CGNX,Cognex Corporation,NASDAQ,5208491219.2
CTSH,Cognizant Technology Solutions Corporation,NASDAQ,32264549298.5
COHR,Coherent Inc,NASDAQ,3202118342.25
COLB,Columbia Banking System Inc,NASDAQ,2300212663.41
COLM,Columbia Sportswear Company,NASDAQ,4183075165.36
CMCSA,Comcast Corporation,NASDAQ,165153291833.88
CBSH,Commerce Bancshares Inc,NASDAQ,5601378894.48
CBSHP,Commerce Bancshares Inc,NASDAQ,2297424928.28
COMM,CommScope Holding Company Inc,NASDAQ,6883740937.12
CSAL,Communications Sales & LeasingInc,NASDAQ,3913432491.2
CVLT,CommVault Systems Inc,NASDAQ,2590768637.6
CNSL,Consolidated Communications Holdings Inc,NASDAQ,1478112579.02
CPRT,Copart Inc,NASDAQ,6140730894.21
CORE,Core-Mark Holding Company Inc,NASDAQ,1672583197.92
CSOD,Cornerstone OnDemand Inc,NASDAQ,2093516367.48
CSGP,CoStar Group Inc,NASDAQ,6453664285.205
COST,Costco Wholesale Corporation,NASDAQ,66720813859.315
COUP,Coupa Software Incorporated,NASDAQ,1515495145.5
CBRL,Cracker Barrel Old Country Store Inc,NASDAQ,3918515708.415
CACC,Credit Acceptance Corporation,NASDAQ,3989826216.31
CREE,Cree Inc,NASDAQ,2532483581.2
CRTO,Criteo SA,NASDAQ,2549801444.4
CSGS,CSG Systems International Inc,NASDAQ,1409901991.68
CSX,CSX Corporation,NASDAQ,32801872142.24
CTRP,Ctripcom International Ltd,NASDAQ,17560565699.04
CVBF,CVB Financial Corporation,NASDAQ,2324923849.5
CYBR,CyberArk Software Ltd,NASDAQ,1761365381.49
CY,Cypress Semiconductor Corporation,NASDAQ,3604556319.2
CONE,CyrusOne Inc,NASDAQ,3539808952.42
PLAY,Dave & Buster&#39;s Entertainment Inc,NASDAQ,1940112606.64
XRAY,DENTSPLY SIRONA Inc,NASDAQ,13818196129.5
DXCM,DexCom Inc,NASDAQ,5936132529.33
FANG,Diamondback Energy Inc,NASDAQ,7744161782.4
DISCA,Discovery Communications Inc,NASDAQ,10791275046.3
DISCB,Discovery Communications Inc,NASDAQ,10398150272.3
DISCK,Discovery Communications Inc,NASDAQ,10453187740.66
DISH,DISH Network Corporation,NASDAQ,26083817076.3
DLTR,Dollar Tree Inc,NASDAQ,20899133760.64
DORM,Dorman Products Inc,NASDAQ,2483175861.78
DNKN,Dunkin&#39; Brands Group Inc,NASDAQ,4902299054.72
ETFC,E*TRADE Financial Corporation,NASDAQ,9361641853.2
EGBN,Eagle Bancorp Inc,NASDAQ,1900248115
EWBC,East West Bancorp Inc,NASDAQ,6814639654.12
EBAY,eBay Inc,NASDAQ,32486942346.4
EBIX,Ebix Inc,NASDAQ,2035665579.6
SATS,EchoStar Corporation,NASDAQ,4738900777.12
ESLT,Elbit Systems Ltd,NASDAQ,4467735933.96
EA,Electronic Arts Inc,NASDAQ,23470543490.02
EFII,Electronics for Imaging Inc,NASDAQ,2048423814.6
ENDP,Endo International plc,NASDAQ,3621754256.25
ESGR,Enstar Group Limited,NASDAQ,3881260554
ENTG,Entegris Inc,NASDAQ,2579488251.5
EQIX,Equinix Inc,NASDAQ,24550195410.18
ERIC,Ericsson,NASDAQ,1615082020.2
ERIE,Erie Indemnity Company,NASDAQ,5598153268.08
ETSY,Etsy Inc,NASDAQ,1513951306.2
EEFT,Euronet Worldwide Inc,NASDAQ,4032924701.25
EXAS,Exact Sciences Corporation,NASDAQ,1605556231.99
EXEL,Exelixis Inc,NASDAQ,4654908651.25
EXLS,ExlService Holdings Inc,NASDAQ,1569477763.24
EXPE,Expedia Inc,NASDAQ,19143814219.2
EXPD,Expeditors International of Washington Inc,NASDAQ,9455239100.58
EXPO,Exponent Inc,NASDAQ,1599533375
ESRX,Express Scripts Holding Company,NASDAQ,46820032530
XOG,Extraction Oil & Gas Inc,NASDAQ,3410014491.72
FFIV,F5 Networks Inc,NASDAQ,9391788646.53
FB,Facebook Inc,NASDAQ,350068061877.88
FAST,Fastenal Company,NASDAQ,13269462517.34
FDML,Federal-Mogul Holdings Corporation,NASDAQ,1622790249.6
GSM,Ferroglobe PLC,NASDAQ,2012224771.63
FITB,Fifth Third Bancorp,NASDAQ,19724832764.2
FNGN,Financial Engines Inc,NASDAQ,2157526489.3
FNSR,Finisar Corporation,NASDAQ,3585995784.75
FEYE,FireEye Inc,NASDAQ,2241387481.1
FCFS,First Cash Inc,NASDAQ,2306524159.65
FCNCA,First Citizens BancShares Inc,NASDAQ,4253244722.65
FFBC,First Financial Bancorp,NASDAQ,1629438092.3
FFIN,First Financial Bankshares Inc,NASDAQ,2989363646.25
FHB,First Hawaiian Inc,NASDAQ,4317078434.76
FIBK,First Interstate BancSystem Inc,NASDAQ,1649339926.5
FMBI,First Midwest Bancorp Inc,NASDAQ,1967272650.16
FSLR,First Solar Inc,NASDAQ,3079983276.24
FV,First Trust Dorsey Wright Focus 5 ETF,NASDAQ,2749254045.84
QTEC,First Trust NASDAQ-100- Technology Index Fund,NASDAQ,1493056104.96
FSV,FirstService Corporation,NASDAQ,1407677303.37
FISV,Fiserv Inc,NASDAQ,23075364327.06
FIVE,Five Below Inc,NASDAQ,2335798488.87
FPRX,Five Prime Therapeutics Inc,NASDAQ,1662126753.36
FLEX,Flex Ltd,NASDAQ,7743640496.16
FLIR,FLIR Systems Inc,NASDAQ,4810831372.8
FTNT,Fortinet Inc,NASDAQ,5391910757.68
FWRD,Forward Air Corporation,NASDAQ,1493796647.74
FOSL,Fossil Group Inc,NASDAQ,1746264913.48
FELE,Franklin Electric Co Inc,NASDAQ,1771185069
FTR,Frontier Communications Corporation,NASDAQ,4222897200
FULT,Fulton Financial Corporation,NASDAQ,3127541550
GK,G&K Services Inc,NASDAQ,1901600157.42
GLPI,Gaming and Leisure Properties Inc,NASDAQ,6422993478.23
GRMN,Garmin Ltd,NASDAQ,9929241764.42
GNTX,Gentex Corporation,NASDAQ,5274642159.43
ROCK,Gibraltar Industries Inc,NASDAQ,1466781904.175
GILD,Gilead Sciences Inc,NASDAQ,98097779046.66
GBCI,Glacier Bancorp Inc,NASDAQ,2652370433.32
GLNG,Golar LNG Limited,NASDAQ,2530032485.44
LOPE,Grand Canyon Education Inc,NASDAQ,2683797599.7
GRFS,Grifols SA,NASDAQ,2255430840.88
GRPN,Groupon Inc,NASDAQ,2328661772.78
GPOR,Gulfport Energy Corporation,NASDAQ,3219137656.78
GWPH,GW Pharmaceuticals Plc,NASDAQ,2167533664.8
HALO,Halozyme Therapeutics Inc,NASDAQ,1639991736.55
HBHC,Hancock Holding Company,NASDAQ,3199929727.5
HAS,Hasbro Inc,NASDAQ,10766671625.88
HA,Hawaiian Holdings Inc,NASDAQ,2783519347.5
HDS,HD Supply Holdings Inc,NASDAQ,7914391297.17
HCSG,Healthcare Services Group Inc,NASDAQ,2814923860
HQY,HealthEquity Inc,NASDAQ,2472328338.24
HTLD,Heartland Express Inc,NASDAQ,1782328767.4
HELE,Helen of Troy Limited,NASDAQ,2457156568
HSIC,Henry Schein Inc,NASDAQ,12302236950.84
MLHR,Herman Miller Inc,NASDAQ,2037076014.05
HMSY,HMS Holdings Corp,NASDAQ,1577194580.43
HOLX,Hologic Inc,NASDAQ,10702964749.72
HOMB,Home BancShares Inc,NASDAQ,3764534112.645
HOPE,Hope Bancorp Inc,NASDAQ,2731744757.8
HZNP,Horizon Pharma plc,NASDAQ,3420269856.99
HPT,Hospitality Properties Trust,NASDAQ,4755593658.45
HSNI,HSN Inc,NASDAQ,2100662674.25
HUBG,Hub Group Inc,NASDAQ,1445727761.1
HBAN,Huntington Bancshares Incorporated,NASDAQ,13581479742.04
HBANO,Huntington Bancshares Incorporated,NASDAQ,20845369699.705
IAC,IAC/InterActiveCorp,NASDAQ,5447216542.2
IBKC,IBERIABANK Corporation,NASDAQ,3335238681.6
IEP,Icahn Enterprises LP,NASDAQ,8062366807.3
ICLR,ICON plc,NASDAQ,4246814127.91
ICUI,ICU Medical Inc,NASDAQ,2391165788.175
IDXX,IDEXX Laboratories Inc,NASDAQ,10748226094.92
INFO,IHS Markit Ltd,NASDAQ,15194304123.96
IIVI,II-VI Incorporated,NASDAQ,1939996020.9
ILG,ILG Inc,NASDAQ,2450133654.5
ILMN,Illumina Inc,NASDAQ,19794775000
INCR,INC Research Holdings Inc,NASDAQ,2721044784.5
INCY,Incyte Corporation,NASDAQ,20125185147.18
INDB,Independent Bank Corp,NASDAQ,1782078210
IOSP,Innospec Inc,NASDAQ,1598447288.25
INOV,Inovalon Holdings Inc,NASDAQ,2205401805
PODD,Insulet Corporation,NASDAQ,2132804314.08
IART,Integra LifeSciences Holdings Corporation,NASDAQ,3077239108.39
IDTI,Integrated Device Technology Inc,NASDAQ,3385859872.5
INTC,Intel Corporation,NASDAQ,168092330000
IBKR,Interactive Brokers Group Inc,NASDAQ,15447694556.91
ICPT,Intercept Pharmaceuticals Inc,NASDAQ,2774117444.14
IDCC,InterDigital Inc,NASDAQ,2751240362.25
IBOC,International Bancshares Corporation,NASDAQ,2562695184
ISCA,International Speedway Corporation,NASDAQ,1700068395
ISIL,Intersil Corporation,NASDAQ,3034627826.4
INTU,Intuit Inc,NASDAQ,29882934425.56
ISRG,Intuitive Surgical Inc,NASDAQ,24798474510.11
ISBC,Investors Bancorp Inc,NASDAQ,4316201328.525
IONS,Ionis Pharmaceuticals Inc,NASDAQ,5288085450.21
IPGP,IPG Photonics Corporation,NASDAQ,5161502568.98
IRBT,iRobot Corporation,NASDAQ,1490665263.76
IRWD,Ironwood Pharmaceuticals Inc,NASDAQ,2329341135.57
TLT,iShares 20+ Year Treasury Bond ETF,NASDAQ,5982340000
IXUS,iShares Core MSCI Total International Stock ETF,NASDAQ,3205120000
ACWX,iShares MSCI ACWI ex US Index Fund,NASDAQ,1884932000
ACWI,iShares MSCI ACWI Index Fund,NASDAQ,5631840000
AAXJ,iShares MSCI All Country Asia ex Japan Index Fund,NASDAQ,2828000000
MCHI,iShares MSCI China ETF,NASDAQ,2285816000
SCZ,iShares MSCI EAFE Small-Cap ETF,NASDAQ,6140288000
IBB,iShares Nasdaq Biotechnology Index Fund,NASDAQ,8537328000
ITRI,Itron Inc,NASDAQ,2502110870.4
JJSF,J & J Snack Foods Corp,NASDAQ,2326219480
JBHT,JB Hunt Transport Services Inc,NASDAQ,10235765969.28
JCOM,j2 Global Inc,NASDAQ,3623473596.6
JKHY,Jack Henry & Associates Inc,NASDAQ,6901885051.36
JACK,Jack In The Box Inc,NASDAQ,3524723287.68
JAZZ,Jazz Pharmaceuticals plc,NASDAQ,6519879588.1
JD,JDcom Inc,NASDAQ,23637884936.53
JBLU,JetBlue Airways Corporation,NASDAQ,6707741461.12
JUNO,Juno Therapeutics Inc,NASDAQ,3168732229.13
KALU,Kaiser Aluminum Corporation,NASDAQ,1468542346
KITE,Kite Pharma Inc,NASDAQ,2580071254.25
KLAC,KLA-Tencor Corporation,NASDAQ,12982270692.6
KLXI,KLX Inc,NASDAQ,2111162159.64
LRCX,Lam Research Corporation,NASDAQ,17369071726.53
LAMR,Lamar Advertising Company,NASDAQ,6441762838.43
LANC,Lancaster Colony Corporation,NASDAQ,3817639216.79
LSTR,Landstar System Inc,NASDAQ,3360821195.55
LTXB,LegacyTexas Financial Group Inc,NASDAQ,1896594452
LXRX,Lexicon Pharmaceuticals Inc,NASDAQ,1709317164.78
LBRDA,Liberty Broadband Corporation,NASDAQ,12614304706.54
LBRDK,Liberty Broadband Corporation,NASDAQ,12879563022.42
LEXEA,Liberty Expedia Holdings Inc,NASDAQ,2531138575
LBTYA,Liberty Global plc,NASDAQ,29899975682.84
LBTYB,Liberty Global plc,NASDAQ,29029894547.48
LBTYK,Liberty Global plc,NASDAQ,29048021237.8
LILA,Liberty Global plc,NASDAQ,3778116995.5
LILAK,Liberty Global plc,NASDAQ,3698880156
LVNTA,Liberty Interactive Corporation,NASDAQ,3398920000
LVNTB,Liberty Interactive Corporation,NASDAQ,3402336000
QVCA,Liberty Interactive Corporation,NASDAQ,10067418176.2
QVCB,Liberty Interactive Corporation,NASDAQ,10263536712.1
LMCK,Liberty Media Corporation,NASDAQ,2623291101.36
LSXMK,Liberty Media Corporation,NASDAQ,12120623268.3
LPNT,LifePoint Health Inc,NASDAQ,2246723444.25
LGND,Ligand Pharmaceuticals Incorporated,NASDAQ,2234230204.1
LECO,Lincoln Electric Holdings Inc,NASDAQ,4993804807.71
LLTC,Linear Technology Corporation,NASDAQ,14916608791.6
LFUS,Littelfuse Inc,NASDAQ,3310395754.257
LIVN,LivaNova PLC,NASDAQ,2106577954.11
LKQ,LKQ Corporation,NASDAQ,10221652277.52
LOGI,Logitech International SA,NASDAQ,4007435174.8
LOGM,LogMein Inc,NASDAQ,2743800000
LPLA,LPL Financial Holdings Inc,NASDAQ,3629504121
LULU,lululemon athletica inc,NASDAQ,7982984488
LITE,Lumentum Holdings Inc,NASDAQ,2469934756.475
MTSI,MACOM Technology Solutions Holdings Inc,NASDAQ,2439653152
MGLN,Magellan Health Inc,NASDAQ,1639684650.25
MHLD,Maiden Holdings Ltd,NASDAQ,1425482299.55
MANH,Manhattan Associates Inc,NASDAQ,3812192155.8
MANT,ManTech International Corporation,NASDAQ,1702187562.24
MKTX,MarketAxess Holdings Inc,NASDAQ,6368998743.04
MAR,Marriott International,NASDAQ,30398853987
MRVL,Marvell Technology Group Ltd,NASDAQ,7583331341.99
MASI,Masimo Corporation,NASDAQ,3071068737.44
MTCH,Match Group Inc,NASDAQ,4574799455.25
MAT,Mattel Inc,NASDAQ,10760744477.34
MATW,Matthews International Corporation,NASDAQ,2299295310.8
MXIM,Maxim Integrated Products Inc,NASDAQ,11350965127.37
MBFI,MB Financial Inc,NASDAQ,3640617953.28
MDSO,Medidata Solutions Inc,NASDAQ,3181935210.73
MEDP,Medpace Holdings Inc,NASDAQ,1469988065.1
MPEL,Melco Crown Entertainment Limited,NASDAQ,3261422431.6
MLNX,Mellanox Technologies Ltd,NASDAQ,2070255370.95
MENT,Mentor Graphics Corporation,NASDAQ,4000241686.74
MELI,MercadoLibre Inc,NASDAQ,7292584866.15
MEOH,Methanex Corporation,NASDAQ,3601568988.8
MGEE,MGE Energy Inc,NASDAQ,2161572869.5
MCHP,Microchip Technology Incorporated,NASDAQ,14162019646.28
MU,Micron Technology Inc,NASDAQ,20549526134.61
MSCC,Microsemi Corporation,NASDAQ,6379075145.04
MSFT,Microsoft Corporation,NASDAQ,475151669116.11
MSTR,MicroStrategy Incorporated,NASDAQ,2270679067.28
MKSI,MKS Instruments Inc,NASDAQ,3078901476.75
MDLZ,Mondelez International Inc,NASDAQ,67027468083.8
MPWR,Monolithic Power Systems Inc,NASDAQ,3415383772.29
MNRO,Monro Muffler Brake Inc,NASDAQ,1926705915.95
MNST,Monster Beverage Corporation,NASDAQ,25843460000
MORN,Morningstar Inc,NASDAQ,3136847421.5
MSG,MSG Networks Inc,NASDAQ,4143553307.52
MYL,Mylan NV,NASDAQ,19435022788.96
NH,NantHealth Inc,NASDAQ,1459729299
NDAQ,Nasdaq Inc,NASDAQ,10830704549.72
FIZZ,National Beverage Corp,NASDAQ,2485771662.5
NGHC,National General Holdings Corp,NASDAQ,2436660004.3
NATI,National Instruments Corporation,NASDAQ,3890787793.8
NAVI,Navient Corporation,NASDAQ,5286037316.8
NBTB,NBT Bancorp Inc,NASDAQ,1687573790.5
NKTR,Nektar Therapeutics,NASDAQ,2003670704.34
NEOG,Neogen Corporation,NASDAQ,2339116128.99
NTAP,NetApp Inc,NASDAQ,10232685067.68
NTES,NetEase Inc,NASDAQ,17714177920.04
NFLX,Netflix Inc,NASDAQ,50656278514.92
NTGR,NETGEAR Inc,NASDAQ,1701893301.15
NTCT,NetScout Systems Inc,NASDAQ,2989839317.1
NBIX,Neurocrine Biosciences Inc,NASDAQ,4263644042.04
NWS,News Corporation,NASDAQ,6976139676
NWSA,News Corporation,NASDAQ,6790109284.64
NXST,Nexstar Broadcasting Group Inc,NASDAQ,1779346289.3
EGOV,NIC Inc,NASDAQ,1656093306.3
NICE,NICE Ltd,NASDAQ,2581652939.79
NDSN,Nordson Corporation,NASDAQ,6226500443.16
NTRS,Northern Trust Corporation,NASDAQ,18546971728.64
NWBI,Northwest Bancshares Inc,NASDAQ,1842698932.45
NCLH,Norwegian Cruise Line Holdings Ltd,NASDAQ,9143993470.5
NUAN,Nuance Communications Inc,NASDAQ,4698788656.8
NTNX,Nutanix Inc,NASDAQ,4542368930.58
NUVA,NuVasive Inc,NASDAQ,3168915959.76
NVDA,NVIDIA Corporation,NASDAQ,50102750000
NXPI,NXP Semiconductors NV,NASDAQ,32949548789.86
NXTM,NxStage Medical Inc,NASDAQ,1585877060.43
OCLR,Oclaro Inc,NASDAQ,1601910821.525
ODP,Office Depot Inc,NASDAQ,2552090450.28
ODFL,Old Dominion Freight Line Inc,NASDAQ,7143387180.8
ONB,Old National Bancorp,NASDAQ,2328491250
OLLI,Ollie&#39;s Bargain Outlet Holdings Inc,NASDAQ,1942547564.25
ON,ON Semiconductor Corporation,NASDAQ,4957687715.78
OTEX,Open Text Corporation,NASDAQ,7516714185.29
OPK,Opko Health Inc,NASDAQ,5689632816.79
ORBK,Orbotech Ltd,NASDAQ,1538525000
ORLY,O&#39;Reilly Automotive Inc,NASDAQ,25978718123.92
OSIS,OSI Systems Inc,NASDAQ,1461446853.28
OTTR,Otter Tail Corporation,NASDAQ,1515752713
PCAR,PACCAR Inc,NASDAQ,21295139213.25
PACW,PacWest Bancorp,NASDAQ,6251559048.28
PAAS,Pan American Silver Corp,NASDAQ,2696180158.21
PNRA,Panera Bread Company,NASDAQ,4995676736.1
PZZA,Papa John&#39;s International Inc,NASDAQ,3218975588.5
PRXL,PAREXEL International Corporation,NASDAQ,3120381973.02
PEGI,Pattern Energy Group Inc,NASDAQ,1739377079.5
PDCO,Patterson Companies Inc,NASDAQ,3919327880
PTEN,Patterson-UTI Energy Inc,NASDAQ,3625743767.04
PAYX,Paychex Inc,NASDAQ,20798576269.74
PCTY,Paylocity Holding Corporation,NASDAQ,1792412023.09
PYPL,PayPal Holdings Inc,NASDAQ,48657996562.7
PDCE,PDC Energy Inc,NASDAQ,3905433263.27
PEGA,Pegasystems Inc,NASDAQ,2778334650
PBCT,People&#39;s United Financial Inc,NASDAQ,5720248022.39
PPC,Pilgrim&#39;s Pride Corporation,NASDAQ,4574209840.2
PNFP,Pinnacle Financial Partners Inc,NASDAQ,3043222657.7
PLXS,Plexus Corp,NASDAQ,1719304623
POOL,Pool Corporation,NASDAQ,4224457753.12
BPOP,Popular Inc,NASDAQ,4268435863.68
PCH,Potlatch Corporation,NASDAQ,1760530258.85
POWI,Power Integrations Inc,NASDAQ,1980044857.35
PRFZ,PowerShares FTSE RAFI US 1500 Small-Mid Portfolio,NASDAQ,1544907000
QQQ,PowerShares QQQ Trust Series 1,NASDAQ,40869367000
PRAA,PRA Group Inc,NASDAQ,1636013094
PRAH,PRA Health Sciences Inc,NASDAQ,3349855058.6
PINC,Premier Inc,NASDAQ,1495833116.8
PSMT,PriceSmart Inc,NASDAQ,2765732976.45
PVTB,PrivateBancorp Inc,NASDAQ,3717266623.8
PRGS,Progress Software Corporation,NASDAQ,1468948765.91
PFPT,Proofpoint Inc,NASDAQ,3608023910.12
PSEC,Prospect Capital Corporation,NASDAQ,2886663124.665
PRTA,Prothena Corporation plc,NASDAQ,2062752878.68
PTC,PTC Inc,NASDAQ,5581366479.08
QGEN,Qiagen NV,NASDAQ,6458189790
QRVO,Qorvo Inc,NASDAQ,7063341865.3
QCOM,QUALCOMM Incorporated,NASDAQ,100886129384.04
QUNR,Qunar Cayman Islands Limited,NASDAQ,1971537175.06
RDUS,Radius Health Inc,NASDAQ,2144376306.18
RMBS,Rambus Inc,NASDAQ,1495514772.32
GOLD,Randgold Resources Limited,NASDAQ,3029983390.06
ROLL,RBC Bearings Incorporated,NASDAQ,1984478164.04
RP,RealPage Inc,NASDAQ,2357794469.3
RRR,Red Rock Resorts Inc,NASDAQ,2681818167.6
REGN,Regeneron Pharmaceuticals Inc,NASDAQ,42126946826.58
RNST,Renasant Corporation,NASDAQ,1721993722.4
ROIC,Retail Opportunity Investments Corp,NASDAQ,2250446067.08
ROST,Ross Stores Inc,NASDAQ,27340212170.34
RGLD,Royal Gold Inc,NASDAQ,4603445531.92
RYAAY,Ryanair Holdings plc,NASDAQ,8740124057.28
SBRA,Sabra Healthcare REIT Inc,NASDAQ,1423969621.52
SABR,Sabre Corporation,NASDAQ,7232651023.76
SAGE,Sage Therapeutics Inc,NASDAQ,1830854991.24
SAFM,Sanderson Farms Inc,NASDAQ,1801551121.82
SANM,Sanmina Corporation,NASDAQ,2327445636.6
SRPT,Sarepta Therapeutics Inc,NASDAQ,1994732485.2
SBAC,SBA Communications Corporation,NASDAQ,12652948529.14
SCHL,Scholastic Corporation,NASDAQ,1552431668.58
SNI,Scripps Networks Interactive Inc,NASDAQ,8951046963.18
STX,Seagate Technology PLC,NASDAQ,11474607469.84
SGEN,Seattle Genetics Inc,NASDAQ,9798274156.12
SEIC,SEI Investments Company,NASDAQ,7763145803.16
SIR,Select Income REIT,NASDAQ,2223202752.32
SIGI,Selective Insurance Group Inc,NASDAQ,2395251689.4
SMTC,Semtech Corporation,NASDAQ,1858815321.3
SNH,Senior Housing Properties Trust,NASDAQ,4247323230.96
SFBS,ServisFirst Bancshares Inc,NASDAQ,1838487760.72
SHPG,Shire plc,NASDAQ,15302155962
SFLY,Shutterfly Inc,NASDAQ,1752248075.18
SBNY,Signature Bank,NASDAQ,8054623126.88
SLGN,Silgan Holdings Inc,NASDAQ,3000087497.44
SLAB,Silicon Laboratories Inc,NASDAQ,2797101461
SIMO,Silicon Motion Technology Corporation,NASDAQ,1642518370.05
SFNC,Simmons First National Corporation,NASDAQ,1874667793.9
SINA,Sina Corporation,NASDAQ,5171707611.55
SBGI,Sinclair Broadcast Group Inc,NASDAQ,2882173633.8
SIRI,Sirius XM Holdings Inc,NASDAQ,22266849333.04
SKYW,SkyWest Inc,NASDAQ,1901508357
SWKS,Skyworks Solutions Inc,NASDAQ,14879687321.6
SLM,SLM Corporation,NASDAQ,4145631587.68
LNCE,Snyder&#39;s-Lance Inc,NASDAQ,3611810803.32
SSB,South State Corporation,NASDAQ,2098560753
ONCE,Spark Therapeutics Inc,NASDAQ,1656205443.36
SAVE,Spirit Airlines Inc,NASDAQ,3715685785.6
SPLK,Splunk Inc,NASDAQ,8043002240.14
SFM,Sprouts Farmers Market Inc,NASDAQ,3078580855.56
SSNC,SS&C Technologies Holdings Inc,NASDAQ,6481977243.68
STMP,Stampscom Inc,NASDAQ,1909016291.95
SPLS,Staples Inc,NASDAQ,6394870099.51
SBUX,Starbucks Corporation,NASDAQ,83132448000
STRZA,Starz,NASDAQ,3316191028.72
STRZB,Starz,NASDAQ,3585071382.4
STLD,Steel Dynamics Inc,NASDAQ,8601801526.08
SRCL,Stericycle Inc,NASDAQ,6434863668.03
SHOO,Steven Madden Ltd,NASDAQ,2367395745.55
SCAI,Surgical Care Affiliates Inc,NASDAQ,1754492609.96
SIVB,SVB Financial Group,NASDAQ,8086212685.64
SYMC,Symantec Corporation,NASDAQ,15654056614.2
SYNA,Synaptics Incorporated,NASDAQ,1913553621.48
SNCR,Synchronoss Technologies Inc,NASDAQ,2221015258
SNPS,Synopsys Inc,NASDAQ,9277073098.8
SYNT,Syntel Inc,NASDAQ,1676972504.32
TROW,T Rowe Price Group Inc,NASDAQ,18028659163.06
TTWO,Take-Two Interactive Software Inc,NASDAQ,4092571787.76
TASR,TASER International Inc,NASDAQ,1463891968
AMTD,TD Ameritrade Holding Corporation,NASDAQ,21147042245.4
TECD,Tech Data Corporation,NASDAQ,3042480528
TERP,TerraForm Power Inc,NASDAQ,1864475825.28
TSRO,TESARO Inc,NASDAQ,7016253783.52
TSLA,Tesla Motors Inc,NASDAQ,30795326587.83
TSRA,Tessera Technologies Inc,NASDAQ,1962788186.4
TTEK,Tetra Tech Inc,NASDAQ,2441397600
TCBI,Texas Capital Bancshares Inc,NASDAQ,3471701146.05
TXN,Texas Instruments Incorporated,NASDAQ,74361738163.2
TXRH,Texas Roadhouse Inc,NASDAQ,3307455020.1
TFSL,TFS Financial Corporation,NASDAQ,5370020282.96
ABCO,The Advisory Board Company,NASDAQ,1485449804
CG,The Carlyle Group LP,NASDAQ,5225556864
CAKE,The Cheesecake Factory Incorporated,NASDAQ,2821141515.28
DSGX,The Descartes Systems Group Inc,NASDAQ,1702129455.8
GT,The Goodyear Tire & Rubber Company,NASDAQ,7956880870.56
HAIN,The Hain Celestial Group Inc,NASDAQ,4034479215
KHC,The Kraft Heinz Company,NASDAQ,102360252715.71
MDCO,The Medicines Company,NASDAQ,2600971266.08
MIK,The Michaels Companies Inc,NASDAQ,5114395895
MIDD,The Middleby Corporation,NASDAQ,7733344550.4
NAVG,The Navigators Group Inc,NASDAQ,1511269353
PCLN,The Priceline Group Inc ,NASDAQ,75764818733.28
ULTI,The Ultimate Software Group Inc,NASDAQ,6103224463.05
TBPH,Theravance Biopharma Inc,NASDAQ,1501137932.1
TIVO,TiVo Corporation,NASDAQ,2480796503.5
TMUS,T-Mobile US Inc,NASDAQ,44694596868.96
TSEM,Tower Semiconductor Ltd,NASDAQ,1583787380
TOWN,Towne Bank,NASDAQ,1614595000
TSCO,Tractor Supply Company,NASDAQ,9761039222.19
TRMB,Trimble Inc,NASDAQ,6893560420.53
TRIP,TripAdvisor Inc,NASDAQ,7478843057.97
TRMK,Trustmark Corporation,NASDAQ,2292564520.8
FOX,Twenty-First Century Fox Inc,NASDAQ,52190480242.79
FOXA,Twenty-First Century Fox Inc,NASDAQ,34515972640.93
UBNT,Ubiquiti Networks Inc,NASDAQ,4616544837.52
ULTA,Ulta Salon Cosmetics & Fragrance Inc,NASDAQ,16115722028.01
RARE,Ultragenyx Pharmaceutical Inc,NASDAQ,3302702564.63
UMBF,UMB Financial Corporation,NASDAQ,3725080070.32
UMPQ,Umpqua Holdings Corporation,NASDAQ,3930718315.65
UBSH,Union Bankshares Corporation,NASDAQ,1482286124.51
UBSI,United Bankshares Inc,NASDAQ,3524568953.8
UCBI,United Community Banks Inc,NASDAQ,1917572533.8
UNFI,United Natural Foods Inc,NASDAQ,2391438162.54
UTHR,United Therapeutics Corporation,NASDAQ,5476898596.75
OLED,Universal Display Corporation,NASDAQ,2707768499.7
UFPI,Universal Forest Products Inc,NASDAQ,2074365706.17
URBN,Urban Outfitters Inc,NASDAQ,4573594355.445
VNQI,Vanguard Global ex-US Real Estate ETF,NASDAQ,3299470616.2
VCIT,Vanguard Intermediate-Term Corporate Bond ETF,NASDAQ,10308722105.27
VCLT,Vanguard Long-Term Corporate Bond ETF,NASDAQ,1403163802
VMBS,Vanguard Mortgage-Backed Securities ETF,NASDAQ,3031462736.8
VCSH,Vanguard Short-Term Corporate Bond ETF,NASDAQ,15401172767.76
VTIP,Vanguard Short-Term Inflation-Protected Securities Index Fund,NASDAQ,2708088627.18
BNDX,Vanguard Total International Bond ETF,NASDAQ,5791931273.16
VXUS,Vanguard Total International Stock ETF,NASDAQ,6252960980.22
WOOF,VCA Inc ,NASDAQ,5159574513.37
VRNT,Verint Systems Inc,NASDAQ,2434001549.55
VRSN,VeriSign Inc,NASDAQ,8355499753.5
VRSK,Verisk Analytics Inc,NASDAQ,14059183021.4
VRTX,Vertex Pharmaceuticals Incorporated,NASDAQ,21380478131.8
VIA,Viacom Inc,NASDAQ,16467721115.5
VIAB,Viacom Inc,NASDAQ,12935939969.76
VSAT,ViaSat Inc,NASDAQ,3577882842.9
VIAV,Viavi Solutions Inc,NASDAQ,1824896348.99
CSA,Victory CEMP US Small Cap Volatility Wtd Index ETF,NASDAQ,2065260964.158
VIP,VimpelCom Ltd,NASDAQ,4328288162.85
VA,Virgin America Inc,NASDAQ,2527888309
VIRT,Virtu Financial Inc,NASDAQ,1859600812
VOD,Vodafone Group Plc,NASDAQ,10076802528.21
VWR,VWR Corporation,NASDAQ,3459670477.8
WBA,Walgreens Boots Alliance Inc,NASDAQ,90909080911.12
WAFD,Washington Federal Inc,NASDAQ,2954479693.6
WDFC,WD-40 Company,NASDAQ,1555787245.5
WBMD,WebMD Health Corp,NASDAQ,2094205177.32
WB,Weibo Corporation,NASDAQ,2333956069.88
WEN,Wendy&#39;s Company (The),NASDAQ,3262973468.715
WERN,Werner Enterprises Inc,NASDAQ,1927637367.5
WSBC,WesBanco Inc,NASDAQ,1746978969.89
WSTC,West Corporation,NASDAQ,2106259129.7
WABC,Westamerica Bancorporation,NASDAQ,1586745463.59
WDC,Western Digital Corporation,NASDAQ,17468148308.14
WFM,Whole Foods Market Inc,NASDAQ,9892865409.7
WLTW,Willis Towers Watson Public Limited Company,NASDAQ,17068686771.38
WINS,Wins Finance Holdings Inc,NASDAQ,2530157725.515
WTFC,Wintrust Financial Corporation,NASDAQ,3379105701.84
WETF,WisdomTree Investments Inc,NASDAQ,1441673079.84
WIX,Wixcom Ltd,NASDAQ,2072037926.7
WWD,Woodward Inc,NASDAQ,4178800607.78
WPPGY,WPP plc,NASDAQ,1593235796
WMGI,Wright Medical Group NV,NASDAQ,2395732672.11
WYNN,Wynn Resorts Limited,NASDAQ,9987905232.87
XLNX,Xilinx Inc,NASDAQ,13468953862.14
YHOO,Yahoo! Inc,NASDAQ,39128645006.82
YNDX,Yandex NV,NASDAQ,6098081745.55
YY,YY Inc,NASDAQ,1719806533.84
ZBRA,Zebra Technologies Corporation,NASDAQ,4073474784.1
ZLTQ,ZELTIQ Aesthetics Inc,NASDAQ,1644255696.33
Z,Zillow Group Inc,NASDAQ,6566700542.8
ZG,Zillow Group Inc,NASDAQ,6428950269.2
ZION,Zions Bancorporation,NASDAQ,7875738730.52
ZNGA,Zynga Inc,NASDAQ,2492982747.71
DDD,3D Systems Corporation,NYSE,1676406619.56
MMM,3M Company,NYSE,103398088995.91
WUBA,58com Inc,NYSE,4701412036.44
AAN,Aaron&#39;s  Inc,NYSE,2151220841.64
ABB,ABB Ltd,NYSE,44320450825.75
ABT,Abbott Laboratories,NYSE,56094992826.3
ABBV,AbbVie Inc,NYSE,95767084777.16
ABM,ABM Industries Incorporated,NYSE,2476685917.58
AKR,Acadia Realty Trust,NYSE,2696794523.4
ACN,Accenture plc,NYSE,80920656299.4
ATU,Actuant Corporation,NYSE,1556562902.4
AYI,Acuity Brands Inc,NYSE,11180933866.83
GOLF,Acushnet Holdings Corp,NYSE,1483353831.96
ADNT,Adient plc,NYSE,5298645000
AAP,Advance Auto Parts Inc,NYSE,12542475801.25
ADSW,Advanced Disposal Services Inc,NYSE,1750022718.15
ASX,Advanced Semiconductor Engineering Inc,NYSE,8507324875.14
APFH,AdvancePierre Foods Holdings Inc,NYSE,2053989864.5
ACM,AECOM,NYSE,5716075130.6
AEG,Aegon NV,NYSE,10946558378.16
AER,Aercap Holdings NV,NYSE,8262065601.64
AJRD,Aerojet Rocketdyne Holdings Inc ,NYSE,1464400000
AET,Aetna Inc,NYSE,45062578000
AMG,Affiliated Managers Group Inc,NYSE,7969358409.54
AFL,Aflac Incorporated,NYSE,29048706623.84
AGCO,AGCO Corporation,NYSE,4360888778.73
A,Agilent Technologies Inc,NYSE,14405040000
AEM,Agnico Eagle Mines Limited,NYSE,9621007189.44
AGU,Agrium Inc,NYSE,13722198974
AL,Air Lease Corporation,NYSE,3685904194.56
APD,Air Products and Chemicals Inc,NYSE,30254159145.84
AYR,Aircastle Limited,NYSE,1787353820.36
AKS,AK Steel Holding Corporation,NYSE,2782744421.8
AGI,Alamos Gold Inc,NYSE,1754483094.27
ALK,Alaska Air Group Inc,NYSE,10050316671.29
AIN,Albany International Corporation,NYSE,1478205000
ALB,Albemarle Corporation,NYSE,9481721657.7
AA,Alcoa Corporation,NYSE,5718539629.74
ALR,Alere Inc,NYSE,3374770147.65
ALEX,Alexander & Baldwin Holdings Inc,NYSE,2138731605.24
ALX,Alexander&#39;s Inc,NYSE,2112382223.24
ARE,Alexandria Real Estate Equities Inc,NYSE,8820526419.47
BABA,Alibaba Group Holding Limited,NYSE,233025000000
Y,Alleghany Corporation,NYSE,8713586495.25
ATI,Allegheny Technologies Incorporated,NYSE,1935637054.8
ALLE,Allegion plc,NYSE,6529049104
AGN,Allergan plc,NYSE,70805973259.16
ALE,Allete Inc,NYSE,3094881139
ADS,Alliance Data Systems Corporation,NYSE,13464824470.88
AB,AllianceBernstein Holding LP,NYSE,2244790885.5
LNT,Alliant Energy Corporation,NYSE,8219590463.64
AWH,Allied World Assurance Company Holdings AG,NYSE,4045422856.5
ALSN,Allison Transmission Holdings Inc,NYSE,5315444877.58
ALL,Allstate Corporation (The),NYSE,26650024172.65
ALLY,Ally Financial Inc,NYSE,9266891602.05
MO,Altria Group,NYSE,125226883958.56
ACH,Aluminum Corporation of China Limited,NYSE,6617286312
ABEV,Ambev SA,NYSE,79531131900
AMC,AMC Entertainment Holdings Inc,NYSE,3381183927.3
AMFW,Amec Plc Ord,NYSE,2071804654.51
AEE,Ameren Corporation,NYSE,11993438065.14
AMX,America Movil SAB de CV,NYSE,38125466000
AAT,American Assets Trust Inc,NYSE,1854393017.4
ACC,American Campus Communities Inc,NYSE,6080551676.62
AEO,American Eagle Outfitters Inc,NYSE,3420785494.2
AEP,American Electric Power Company Inc,NYSE,29094571407.61
AEL,American Equity Investment Life Holding Company,NYSE,1890792349.58
AXP,American Express Company,NYSE,65642115781.88
AFG,American Financial Group Inc,NYSE,7065789583.68
AMH,American Homes 4 Rent,NYSE,5004684720.41
AIG,American International Group Inc,NYSE,65736647616
AWR,American States Water Company,NYSE,1626987999.54
AMT,American Tower Corporation (REIT),NYSE,45965773287.14
AWK,American Water Works,NYSE,13197169629.38
APU,AmeriGas Partners LP,NYSE,4281910732.8
AMP,AMERIPRISE FINANCIAL SERVICES INC,NYSE,17984253358.71
ABC,AmerisourceBergen Corporation (Holding Co),NYSE,17258041000
AMN,AMN Healthcare Services Inc,NYSE,1612058242.3
APH,Amphenol Corporation,NYSE,20982700087.8
AME,AMTEK Inc,NYSE,11006904778.56
APC,Anadarko Petroleum Corporation,NYSE,35797602452.85
AU,AngloGold Ashanti Limited,NYSE,4577801368.14
BUD,Anheuser-Busch Inbev SA,NYSE,198513804305.46
AXE,Anixter International Inc,NYSE,2578374708
NLY,Annaly Capital Management Inc,NYSE,10351717604.88
AM,Antero Midstream Partners LP,NYSE,5262241650.96
AR,Antero Resources Corporation,NYSE,7851571847.99
ANTM,Anthem Inc,NYSE,37226055808.76
ANTX,Anthem Inc,NYSE,12197058834.8
AON,Aon plc,NYSE,29824341054.56
APA,Apache Corporation,NYSE,23702950494.98
AIV,Apartment Investment and Management Company,NYSE,6379065958.02
APO,Apollo Global Management LLC,NYSE,7830315673.3
APLE,Apple Hospitality REIT Inc,NYSE,4051803477.64
AIT,Applied Industrial Technologies Inc,NYSE,2305286159.4
ATR,AptarGroup Inc,NYSE,4732578466.38
WTR,Aqua America Inc,NYSE,5466181480.74
ARMK,Aramark,NYSE,8575876549.32
MT,ArcelorMittal,NYSE,23386050000
ARCH,Arch Coal Inc,NYSE,1932950360.56
ADM,Archer-Daniels-Midland Company,NYSE,25032762860.875
ARNC,Arconic Inc,NYSE,8721333048.87
ARES,Ares Management LP,NYSE,3830965418.8
ANET,Arista Networks Inc,NYSE,6654432809.78
AWI,Armstrong World Industries Inc,NYSE,2279185640.9
ARW,Arrow Electronics Inc,NYSE,6045260513.32
AJG,Arthur J Gallagher & Co,NYSE,9117573960.76
APAM,Artisan Partners Asset Management Inc,NYSE,2243241073.35
ASH,Ashland Global Holdings Inc,NYSE,7050929260.06
AHL,Aspen Insurance Holdings Limited,NYSE,3122263271.8
ASB,Associated Banc-Corp,NYSE,3460795878
AIZ,Assurant Inc,NYSE,4878002077.32
AGO,Assured Guaranty Ltd,NYSE,4542269564.04
AF,Astoria Financial Corporation,NYSE,1643553687.48
AZN,Astrazeneca PLC,NYSE,66867900000
T,AT&T Inc,NYSE,236735550000
ATO,Atmos Energy Corporation,NYSE,7524967519.3
AUO,AU Optronics Corp,NYSE,3493600974.93
ATHM,Autohome Inc,NYSE,3078475941.1
ALV,Autoliv Inc,NYSE,8982103460.37
AN,AutoNation Inc,NYSE,4525765149.42
AZO,AutoZone Inc,NYSE,22909885943.26
AVB,AvalonBay Communities Inc,NYSE,22301722424.8
AGR,Avangrid Inc,NYSE,11550554156.82
AVY,Avery Dennison Corporation,NYSE,6378916956.16
AVA,Avista Corporation,NYSE,2639262486.88
AV,Aviva plc,NYSE,23272630000
AVT,Avnet Inc,NYSE,5891445806
AVP,Avon Products Inc,NYSE,2441344960.44
AVX,AVX Corporation,NYSE,2553883602.45
AXTA,Axalta Coating Systems Ltd,NYSE,6350612168.87
AXS,Axis Capital Holdings Limited,NYSE,5400457500.7
AZZ,AZZ Inc,NYSE,1708824675.6
BGS,B&G Foods Inc,NYSE,2802346450.8
BHI,Baker Hughes Incorporated,NYSE,26031428242.39
BLL,Ball Corporation,NYSE,13404111887.88
BBVA,Banco Bilbao Viscaya Argentaria SA,NYSE,40759200000
BBD,Banco Bradesco Sa,NYSE,48514632318.23
BBDO,Banco Bradesco Sa,NYSE,47518893000.41
BCH,Banco De Chile,NYSE,11303313869.05
BSBR,Banco Santander Brasil SA,NYSE,65605698180
BSAC,Banco Santander Chile,NYSE,10581248515
SAN,Banco Santander SA,NYSE,65965631086.03
CIB,BanColombia SA,NYSE,7925454480
BXS,BancorpSouth Inc,NYSE,2734641290.8
BAC,Bank of America Corporation,NYSE,205132447076.2
BOH,Bank of Hawaii Corporation,NYSE,3671161009.17
BMO,Bank Of Montreal,NYSE,42430424423.64
NTB,Bank of NT Butterfield & Son Limited (The),NYSE,1544200903
BK,Bank Of New York Mellon Corporation (The),NYSE,49959155342.25
BNS,Bank of Nova Scotia (The),NYSE,65172760250.64
BKU,BankUnited Inc,NYSE,3693881092.65
BCS,Barclays PLC,NYSE,44602447500
B,Barnes Group Inc,NYSE,2488379751.84
ABX,Barrick Gold Corporation,NYSE,17889364929
BAX,Baxter International Inc,NYSE,25118222644.48
BBT,BB&T Corporation,NYSE,36108381394.5
BFR,BBVA Banco Frances SA,NYSE,3342959406.44
BCE,BCE Inc,NYSE,37338344772.3
BDX,Becton Dickinson and Company,NYSE,35701275928.14
BDC,Belden Inc,NYSE,3081177741.99
BMS,Bemis Company Inc,NYSE,4668701898.18
BBY,Best Buy Co Inc,NYSE,14784987552.6
BHP,BHP Billiton Limited,NYSE,101951394707.25
BBL,BHP Billiton plc,NYSE,89629939278
BIG,Big Lots Inc,NYSE,2360309472.84
BIO,Bio-Rad Laboratories Inc,NYSE,5068981371.6
BITA,Bitauto Holdings Limited,NYSE,1610431589.25
BKH,Black Hills Corporation,NYSE,3215442202.5
BKFS,Black Knight Financial Services Inc,NYSE,5679546967.8
BSM,Black Stone Minerals LP,NYSE,3583665797.53
BDJ,Blackrock Enhanced Equity Dividend Trust,NYSE,1509936792.78
BTT,BlackRock Municipal Target Term Trust Inc (The),NYSE,1557468063.39
BLK,BlackRock Inc,NYSE,61053579360.58
BWP,Boardwalk Pipeline Partners LP,NYSE,4302601682.58
BA,Boeing Company (The),NYSE,92278645667.04
BAH,Booz Allen Hamilton Holding Corporation,NYSE,5442610030.62
BWA,BorgWarner Inc,NYSE,7627016412.98
SAM,Boston Beer Company Inc (The),NYSE,2163250966.6
BXP,Boston Properties Inc,NYSE,18875692215
BSX,Boston Scientific Corporation,NYSE,28377349722
BOX,Box Inc,NYSE,1944632156.2
BYD,Boyd Gaming Corporation,NYSE,2100087108.6
BP,BP plc,NYSE,108898422591.42
BERY,BPC Acquisition Corp,NYSE,5631996198.85
BRC,Brady Corporation,NYSE,1933663402
BDN,Brandywine Realty Trust,NYSE,2648128291.2
BAK,Braskem SA,NYSE,6678595510.44
BRFS,BRF SA,NYSE,12591857441.76
BFAM,Bright Horizons Family Solutions Inc,NYSE,4155090579.52
EAT,Brinker International Inc,NYSE,2719179645.12
BCO,Brink&#39;s Company (The),NYSE,2157618848.25
BMY,Bristol-Myers Squibb Company,NYSE,94508053446.3
BRX,Brixmor Property Group Inc,NYSE,7440651555.15
BR,Broadridge Financial Solutions Inc,NYSE,7813872046.38
BKD,Brookdale Senior Living Inc,NYSE,2269941381.8
BAM,Brookfield Asset Management Inc,NYSE,33130659422.3
BIP,Brookfield Infrastructure Partners LP,NYSE,8037675649.41
BPY,Brookfield Property Partners LP,NYSE,5617328849.01
BEP,Brookfield Renewable Partners LP,NYSE,4819145891.7
BRO,Brown & Brown Inc,NYSE,5978518454.48
BC,Brunswick Corporation,NYSE,4279086140.42
BT,BT Group plc,NYSE,46080509187.69
BPL,Buckeye Partners LP,NYSE,9106038759.6
BVN,Buenaventura Mining Company Inc,NYSE,2905609758.48
BG,Bunge Limited,NYSE,9428891276.1
BURL,Burlington Stores Inc,NYSE,6138099794.88
BWXT,BWX Technologies Inc,NYSE,3975290564.84
BCR,CR Bard Inc,NYSE,15352296451.2
CAB,Cabela&#39;s Inc,NYSE,4247102125.14
CABO,Cable One Inc,NYSE,3360649570.17
CBT,Cabot Corporation,NYSE,3233090650.67
COG,Cabot Oil & Gas Corporation,NYSE,10535636333.55
CACI,CACI International Inc,NYSE,3148436393.55
CAE,CAE Inc,NYSE,3941600493.28
CAA,CalAtlantic Group Inc,NYSE,3917389235.36
CWT,California Water  Service Group Holding,NYSE,1765230201.6
CPE,Callon Petroleum Company,NYSE,2550894508.8
CPN,Calpine Corporation,NYSE,4122327312.6
CBM,Cambrex Corporation,NYSE,1596261153.75
CPT,Camden Property Trust,NYSE,6798927258.08
CCJ,Cameco Corporation,NYSE,3665038753.72
CPB,Campbell Soup Company,NYSE,17536218465.9
CWH,Camping World Holdings Inc,NYSE,2042082038.58
CM,Canadian Imperial Bank of Commerce,NYSE,30901309611.05
CNI,Canadian National Railway Company,NYSE,50700669119
CNQ,Canadian Natural Resources Limited,NYSE,36148225684.04
CP,Canadian Pacific Railway Limited,NYSE,21984375960.5
CAJ,Canon Inc,NYSE,30807316252.44
CMN,Cantel Medical Corp,NYSE,3340840221.75
COF,Capital One Financial Corporation,NYSE,39833271387.15
BXMT,Capital Trust Inc,NYSE,2823030611.64
CAH,Cardinal Health Inc,NYSE,22446039369.26
CCP,Care Capital Properties Inc,NYSE,1985662348.45
CSL,Carlisle Companies Incorporated,NYSE,7278041268.21
KMX,CarMax Inc,NYSE,11001039088.8
CCL,Carnival Corporation,NYSE,39037644887.54
CUK,Carnival Corporation,NYSE,38758642982.8
CRS,Carpenter Technology Corporation,NYSE,1767244290.67
CRI,Carter&#39;s Inc,NYSE,4602362755.6
CTLT,Catalent Inc,NYSE,3109973897.43
CAT,Caterpillar Inc,NYSE,54774495407.7
CBL,CBL & Associates Properties Inc,NYSE,2023906861.8
CBG,CBRE Group Inc,NYSE,10017197348.4
CBS,CBS Corporation,NYSE,26181791847.72
CEB,CEB Inc,NYSE,1869236006
FUN,Cedar Fair LP,NYSE,3346596865.43
CE,Celanese Corporation,NYSE,11189608539.3
CLS,Celestica Inc,NYSE,1492358173.25
CX,Cemex SAB de CV,NYSE,10966939688.61
CNCO,Cencosud SA,NYSE,8309636012.89
CVE,Cenovus Energy Inc,NYSE,12531246648.64
CNC,Centene Corporation,NYSE,9556283380.08
CNP,CenterPoint Energy Inc,NYSE,10172718760.4
EBR,Centrais Electricas Brasileiras SA- Eletrobras,NYSE,9589134106.2
CTL,CenturyLink Inc,NYSE,13798461632.36
CF,CF Industries Holdings Inc,NYSE,6618111257.91
GIB,CGI Group Inc,NYSE,13115167944
CRL,Charles River Laboratories International Inc,NYSE,3428482842.28
CMCM,Cheetah Mobile Inc,NYSE,1537750531.72
CHE,Chemed Corp,NYSE,2393029232.5
CC,Chemours Company (The),NYSE,4274924839.69
CHMT,Chemtura Corp,NYSE,2090762164.8
CHK,Chesapeake Energy Corporation,NYSE,5714790898.04
CVX,Chevron Corporation,NYSE,208825042178.4
CBI,Chicago Bridge & Iron Company NV,NYSE,3400925134.32
CHS,Chico&#39;s FAS Inc,NYSE,2092723129.25
CIM,Chimera Investment Corporation,NYSE,3142597488.12
CEA,China Eastern Airlines Corporation Ltd,NYSE,6588538505.01
LFC,China Life Insurance Company Limited,NYSE,78349762260
CHL,China Mobile (Hong Kong) Ltd,NYSE,221872332650.22
SNP,China Petroleum & Chemical Corporation,NYSE,85197810195.52
ZNH,China Southern Airlines Company Limited,NYSE,5597976703.4
CHA,China Telecom Corp Ltd,NYSE,38280836000
CHU,China Unicom (Hong Kong) Ltd,NYSE,27682825728.48
CMG,Chipotle Mexican Grill Inc,NYSE,11753070280.38
CHH,Choice Hotels International Inc,NYSE,2891799679.85
CHT,Chunghwa Telecom Co Ltd,NYSE,25661634676
CHD,Church & Dwight Company Inc,NYSE,11600962385.74
CIEN,Ciena Corporation,NYSE,3058541798.4
CI,Cigna Corporation,NYSE,35874089887.74
XEC,Cimarex Energy Co,NYSE,12321601576.5
CNK,Cinemark Holdings Inc,NYSE,4828018506.9
CIT,CIT Group Inc (DEL),NYSE,8201685498.93
C,Citigroup Inc,NYSE,159869866912.8
CFG,Citizens Financial Group Inc,NYSE,16339141067.76
CLC,CLARCOR Inc,NYSE,3379741773.76
CWEI,Clayton Williams Energy Inc,NYSE,1952972777.04
CLH,Clean Harbors Inc,NYSE,2876520770.76
CCO,Clear Channel Outdoor Holdings Inc,NYSE,2155841282.7
CLF,Cliffs Natural Resources Inc,NYSE,1992382669.44
CLX,Clorox Company (The),NYSE,14967742329.48
CMS,CMS Energy Corporation,NYSE,11344667632.83
CNA,CNA Financial Corporation,NYSE,10484167206
CNHI,CNH Industrial NV,NYSE,11216746098.53
CNO,CNO Financial Group Inc,NYSE,3122163870.35
COH,Coach Inc,NYSE,10788452434.24
KOF,Coca Cola Femsa SAB de CV,NYSE,13370205000
KO,Coca-Cola Company (The),NYSE,178427131039.92
CCE,Coca-Cola European Partners plc,NYSE,16276478184.21
CDE,Coeur Mining Inc,NYSE,1945978910.1
CNS,Cohen & Steers Inc,NYSE,1624376648.4
UTF,Cohen & Steers Infrastructure Fund Inc,NYSE,1691038317.08
CFX,Colfax Corporation,NYSE,4494329377.92
CL,Colgate-Palmolive Company,NYSE,58956929923.32
CLNY,Colony Capital Inc,NYSE,2339742990.52
SFR,Colony Starwood Homes,NYSE,3078273378.69
CPPL,Columbia Pipeline Partners LP,NYSE,1716165431.2
CXP,Columbia Property Trust Inc,NYSE,2683194519.57
CMA,Comerica Incorporated,NYSE,10602786480.55
CMC,Commercial Metals Company,NYSE,2557403017.8
CBU,Community Bank System Inc,NYSE,2485321160
CIG,Comp En De Mn Cemig ADS,NYSE,3021219969.6
CBD,Companhia Brasileira de Distribuicao,NYSE,4270875690
SBS,Companhia de saneamento Basico Do Estado De Sao Paulo - Sabesp,NYSE,6055897439.34
ELP,Companhia Paranaense de Energia (COPEL),NYSE,2386274870
CCU,Compania Cervecerias Unidas SA,NYSE,3709808834.88
CMP,Compass Minerals International Inc,NYSE,2667455622.75
CSC,Computer Sciences Corporation,NYSE,8533398271.8
CAG,ConAgra Brands Inc,NYSE,16438250883.2
CXO,Concho Resources Inc,NYSE,20233883373.6
COP,ConocoPhillips,NYSE,57081992732.63
CNX,CONSOL Energy Inc,NYSE,4510797634.88
ED,Consolidated Edison Inc,NYSE,21428439417.36
STZ,Constellation Brands Inc,NYSE,31470654236.94
CLR,Continental Resources Inc,NYSE,20052345515.96
VLRS,Controladora Vuela Compania de Aviacion SAB de CV,NYSE,1543111921.75
CVG,Convergys Corporation,NYSE,2466267915.54
COO,Cooper Companies Inc (The),NYSE,8286165500
CTB,Cooper Tire & Rubber Company,NYSE,2071922858.75
CPS,Cooper-Standard Holdings Inc,NYSE,1698333847.6
CPA,Copa Holdings SA,NYSE,3929099206.4
CLB,Core Laboratories NV,NYSE,4808846144.22
CXW,CoreCivic Inc,NYSE,2597902713.9
CLGX,CoreLogic Inc,NYSE,3361401110.2
COR,CoreSite Realty Corporation,NYSE,2381134638.75
GLW,Corning Incorporated,NYSE,22829404320
OFC,Corporate Office Properties Trust,NYSE,2738612869.9
CZZ,Cosan Limited,NYSE,1911068175.26
COTV,Cotiviti Holdings Inc,NYSE,2740280340.18
COT,Cott Corporation,NYSE,1687818821
COTY,Coty Inc,NYSE,14710026054.06
CUZ,Cousins Properties Incorporated,NYSE,3139200074.64
CVA,Covanta Holding Corporation,NYSE,1975791643.5
CPL,CPFL Energia SA,NYSE,7349344466.12
CR,Crane Company,NYSE,4413317392.44
BAP,Credicorp Ltd,NYSE,14276269269.42
CS,Credit Suisse Group,NYSE,29090019000
CPG,Crescent Point Energy Corporation,NYSE,6642728465.01
CEQP,Crestwood Equity Partners LP,NYSE,1498665233.8
CRH,CRH PLC,NYSE,27576309637.91
CCI,Crown Castle International Corporation,NYSE,30802867312.04
CCK,Crown Holdings Inc,NYSE,7663683435.94
CSRA,CSRA Inc,NYSE,5188780897.5
CST,CST Brands Inc,NYSE,3636994737.9
CUBE,CubeSmart,NYSE,4412734321.2
CFR,Cullen/Frost Bankers Inc,NYSE,5200483940.4
CMI,Cummins Inc,NYSE,23449137414.6
CW,Curtiss-Wright Corporation,NYSE,4467045069
CVT,CVENT INC,NYSE,1529814586.58
CVI,CVR Energy Inc,NYSE,1558617347.5
CVS,CVS Health Corporation,NYSE,78479258814.66
DHI,DR Horton Inc,NYSE,10710497530.64
CB,D/B/A Chubb Limited New,NYSE,58823521825.09
DAN,Dana Incorporated,NYSE,2478071857.93
DHR,Danaher Corporation,NYSE,54243280093.56
DRI,Darden Restaurants Inc,NYSE,9107979718
DAR,Darling Ingredients Inc,NYSE,2241914079.96
DVA,DaVita Inc,NYSE,12442122000
DPM,DCP Midstream Partners LP,NYSE,3954279762.08
DCT,DCT Industrial Trust Inc,NYSE,4108968530.24
DDR,DDR Corp,NYSE,5570915776.92
DF,Dean Foods Company,NYSE,1812644193.95
DECK,Deckers Outdoor Corporation,NYSE,2074605625.08
DE,Deere & Company,NYSE,28930052777.19
DVMT,Dell Technologies Inc,NYSE,11614322380.5
DLPH,Delphi Automotive plc,NYSE,18140841096.6
DAL,Delta Air Lines Inc,NYSE,36009209385
DLX,Deluxe Corporation,NYSE,3340508905.86
DB,Deutsche Bank AG,NYSE,21952088000
DVN,Devon Energy Corporation,NYSE,23289728000
DV,DeVry Education Group Inc,NYSE,1769099750
DEO,Diageo plc,NYSE,69513686348.55
DO,Diamond Offshore Drilling Inc,NYSE,2335999360.89
DRH,Diamondrock Hospitality Company,NYSE,2043219589.2
DKS,Dick&#39;s Sporting Goods Inc,NYSE,6787204938.25
DBD,Diebold Incorporated,NYSE,1728224899
DLR,Digital Realty Trust Inc,NYSE,14620440584.92
DGI,DigitalGlobe Inc,NYSE,2025150199.8
DDS,Dillard&#39;s Inc,NYSE,2462585000
DIN,DineEquity Inc,NYSE,1576169559.54
DFS,Discover Financial Services,NYSE,26487813938.44
DLB,Dolby Laboratories,NYSE,4772773284.73
DG,Dollar General Corporation,NYSE,22342320214.5
DM,Dominion Midstream Partners LP,NYSE,2367792064
D,Dominion Resources Inc,NYSE,45871866094.21
DCUC,Dominion Resources Inc,NYSE,31212172858.2
DPZ,Domino&#39;s Pizza Inc,NYSE,8099843354.09
UFS,Domtar Corporation,NYSE,2581193839.84
DCI,Donaldson Company Inc,NYSE,5385307109.49
DSL,DoubleLine Income Solutions Fund,NYSE,1850648114.92
DEI,Douglas Emmett Inc,NYSE,5436788401.2
DOV,Dover Corporation,NYSE,11121279846.06
DOW,Dow Chemical Company (The),NYSE,60924620548.23
DPS,Dr Pepper Snapple Group Inc,NYSE,16075075187.5
RDY,Dr Reddy&#39;s Laboratories Ltd,NYSE,7443890800.53
DW,Drew Industries Incorporated,NYSE,2548632955.5
DRQ,Dril-Quip Inc,NYSE,2076371852.75
DST,DST Systems Inc,NYSE,3388642394.2
DSW,DSW Inc,NYSE,2047623338.1
DTE,DTE Energy Company,NYSE,16836377323.81
DNP,Duff & Phelps Utilities Income Inc,NYSE,2862933324.16
DUK,Duke Energy Corporation,NYSE,50898988563.36
DRE,Duke Realty Corporation,NYSE,8739647741.44
DNB,Dun & Bradstreet Corporation (The),NYSE,4544624775.95
DFT,Dupont Fabros Technology Inc,NYSE,3147735776.85
DY,Dycom Industries Inc,NYSE,2329601003.31
DD,EI du Pont de Nemours and Company,NYSE,61645041220
EXP,Eagle Materials Inc,NYSE,4565812057.56
EGP,EastGroup Properties Inc,NYSE,2217733913.6
EMN,Eastman Chemical Company,NYSE,11154533932.74
ETN,Eaton Corporation PLC,NYSE,29622486000
EV,Eaton Vance Corporation,NYSE,4484235754.65
EVT,Eaton Vance Tax Advantaged Dividend Income Fund,NYSE,1465458308
ETY,Eaton Vance Tax-Managed Diversified Equity Income Fund,NYSE,1548242119.2
EXG,Eaton Vance Tax-Managed Global Diversified Equity Income Fund,NYSE,2474970262.1
ECL,Ecolab Inc,NYSE,33924989672.76
EC,Ecopetrol SA,NYSE,17104544986.88
EIX,Edison International,NYSE,22718815394.38
EDR,Education Realty Trust Inc,NYSE,2927402967.66
EW,Edwards Lifesciences Corporation,NYSE,18182737372.56
EE,El Paso Electric Company,NYSE,1861997203.7
EGO,Eldorado Gold Corporation,NYSE,2020775717.88
LLY,Eli Lilly and Company,NYSE,83889025997.7
ELLI,Ellie Mae Inc,NYSE,2882550348.56
ERJ,Embraer-Empresa Brasileira de Aeronautica,NYSE,3586248356.04
EME,EMCOR Group Inc,NYSE,4274363628.48
EMR,Emerson Electric Company,NYSE,34934928373.85
EDE,Empire District Electric Company (The),NYSE,1514198674.08
ESRT,Empire State Realty Trust Inc,NYSE,6111902556.84
ENBL,Enable Midstream Partners LP,NYSE,6795083587.1
EEQ,Enbridge Energy Management LLC,NYSE,1999770443.23
EEP,Enbridge Energy LP,NYSE,10534805145.84
ENB,Enbridge Inc,NYSE,40524204254.96
ECA,Encana Corporation,NYSE,11850663250.44
EOCA,Endesa Americas SA,NYSE,3704459147.45
ENH,Endurance Specialty Holdings Ltd,NYSE,6233078197
ENIC,Enel Chile SA,NYSE,4408530992.95
EOCC,Enel Generacion Chile SA,NYSE,5106959178.92
EGN,Energen Corporation,NYSE,5660346688.64
ENR,Energizer Holdings Inc,NYSE,2653439110.98
EPC,Energizer Holdings Inc,NYSE,4699526177.7
ETE,Energy Transfer Equity LP,NYSE,18593781508.32
ETP,ENERGY TRANSFER PARTNERS,NYSE,19096497793.71
ERF,Enerplus Corporation,NYSE,1931077919.87
ENIA,Enersis Americas SA,NYSE,8002121958.25
ENS,Enersys,NYSE,3431848793.58
E,ENI SpA,NYSE,49134185661.6
ENLK,EnLink Midstream Partners LP,NYSE,6039959330.09
ENLC,EnLink Midstream LLC,NYSE,3240876672
ESV,ENSCO plc,NYSE,2613544517.43
ETR,Entergy Corporation,NYSE,12254139091.72
EPD,Enterprise Products Partners LP,NYSE,53993704360.24
ENV,Envestnet Inc,NYSE,1683400608.4
EVHC,Envision Healthcare Holdings Inc,NYSE,4059191244.9
EOG,EOG Resources Inc,NYSE,54919124412.11
EPAM,EPAM Systems Inc,NYSE,3383682092.7
EPR,EPR Properties,NYSE,4424131879.24
EQT,EQT Corporation,NYSE,12011863740
EQGP,EQT GP Holdings LP,NYSE,6403929900
EQM,EQT Midstream Partners LP,NYSE,5970302450.22
EFX,Equifax Inc,NYSE,14400099794.16
EQC,Equity Commonwealth,NYSE,3658017720.22
ELS,Equity Lifestyle Properties Inc,NYSE,5858735312.32
EQY,Equity One Inc,NYSE,4345557228.48
EQR,Equity Residential,NYSE,21961712873.1
ESE,ESCO Technologies Inc,NYSE,1458144147.6
ESNT,Essent Group Ltd,NYSE,2700977645.55
ESS,Essex Property Trust Inc,NYSE,14039074471.84
EL,Estee Lauder Companies Inc (The),NYSE,28483411126.05
ESL,Esterline Technologies Corporation,NYSE,2569239504.2
EVER,EverBank Financial Corp,NYSE,2428609604.96
EVR,Evercore Partners Inc,NYSE,2589964416.6
RE,Everest Re Group Ltd,NYSE,8522187717
ES,Eversource Energy,NYSE,16620660629.6
EXC,Exelon Corporation,NYSE,29969354392.44
EXCU,Exelon Corporation,NYSE,42719717428.78
STAY,Extended Stay America Inc,NYSE,3044820169.72
EXR,Extra Space Storage Inc,NYSE,8782523561.76
XOM,Exxon Mobil Corporation,NYSE,359435377497.68
FNB,FNB Corporation,NYSE,3188392492.5
FN,Fabrinet,NYSE,1612841840.32
FDS,FactSet Research Systems Inc,NYSE,6451950783.88
FICO,Fair Isaac Corporation,NYSE,3591595991.68
FMSA,Fairmount Santrol Holdings Inc,NYSE,1958114774.94
FFG,FBL Financial Group Inc,NYSE,1966408116.9
FCB,FCB Financial Holdings Inc,NYSE,1736766667.2
FRT,Federal Realty Investment Trust,NYSE,10103232010
FII,Federated Investors Inc,NYSE,2817215803.48
FDX,FedEx Corporation,NYSE,49984022685.76
RACE,Ferrari NV,NYSE,13328661735.97
FCAU,Fiat Chrysler Automobiles NV,NYSE,12887956035.57
FBR,Fibria Celulose SA,NYSE,4852467498.96
FNF,Fidelity National Financial Inc,NYSE,11273962618.8
FNFV,Fidelity National Financial Inc,NYSE,4418174539.8
FIS,Fidelity National Information Services Inc,NYSE,25483611593.88
FAF,First American Corporation (The),NYSE,4295096728.74
FBP,First BanCorp,NYSE,1430623159.14
FCFS,First Cash Inc,NYSE,2306524159.65
FDC,First Data Corporation,NYSE,13655652063.73
FHN,First Horizon National Corporation,NYSE,4331166373.44
FR,First Industrial Realty Trust Inc,NYSE,3066761448.24
AG,First Majestic Silver Corp,NYSE,1469181407.1
FRC,FIRST REPUBLIC BANK,NYSE,12031971030.68
FE,FirstEnergy Corporation,NYSE,13581210695.8
FIT,Fitbit Inc,NYSE,1919765484.78
FBC,Flagstar Bancorp Inc,NYSE,1570830347.25
FLT,FleetCor Technologies Inc,NYSE,14198063984.39
FLO,Flowers Foods Inc,NYSE,3359494659
FLS,Flowserve Corporation,NYSE,6102548162.06
FLR,Fluor Corporation,NYSE,7352410771.2
FMC,FMC Corporation,NYSE,7300906267.25
FTI,FMC Technologies Inc,NYSE,7847659478.79
FMX,Fomento Economico Mexicano SAB de CV,NYSE,28407538357.53
FL,Foot Locker Inc,NYSE,9771186201.65
F,Ford Motor Company,NYSE,47247466867.47
FTS,Fortis Inc,NYSE,12062975488.2
FTV,Fortive Corporation,NYSE,19143543679.61
FIG,Fortress Investment Group LLC,NYSE,2007444202.4
FBHS,Fortune Brands Home & Security Inc,NYSE,8756918391
FET,Forum Energy Technologies Inc,NYSE,1901630744
FNV,Franco-Nevada Corporation,NYSE,10352668582.08
BEN,Franklin Resources Inc,NYSE,22274423458.32
FI,Frank&#39;s International NV,NYSE,2621993875.02
FCX,Freeport-McMoran Inc,NYSE,20588727171.6
FMS,Fresenius Medical Care Corporation,NYSE,23656024697.46
FDP,Fresh Del Monte Produce Inc,NYSE,3417521292.81
FSIC,FS Investment Corporation,NYSE,2465039491.6
FCN,FTI Consulting Inc,NYSE,1841661177.3
GDV,Gabelli Dividend,NYSE,1622875256.1824
GME,Gamestop Corporation,NYSE,2506994905.29
GPS,Gap Inc (The),NYSE,10308601309.37
IT,Gartner Inc,NYSE,8596384529.04
GATX,GATX Corporation,NYSE,2107917000
GZT,Gazit-Globe Ltd,NYSE,1713997706.4
GCP,GCP Applied Technologies Inc,NYSE,2049613254.95
GNRC,Generac Holdlings Inc,NYSE,2648611319.58
GD,General Dynamics Corporation,NYSE,51823137019
GE,General Electric Company,NYSE,275830440200
GGP,General Growth Properties Inc,NYSE,22401087539.94
GIS,General Mills Inc,NYSE,37067907876.56
GM,General Motors Company,NYSE,51624516115.62
GCO,Genesco Inc,NYSE,1407623080.5
GWR,Genesee & Wyoming Inc,NYSE,4401777464.82
GEL,Genesis Energy LP,NYSE,4060844683.56
G,Genpact Limited,NYSE,4914521739.36
GPC,Genuine Parts Company,NYSE,14452797707.97
GNW,Genworth Financial Inc,NYSE,2177876436.78
GEO,Geo Group Inc (The),NYSE,2407169384.21
GGB,Gerdau SA,NYSE,7137352834.04
GIMO,Gigamon Inc,NYSE,2165816887.3
GIL,Gildan Activewear Inc,NYSE,6290839303.82
GSK,GlaxoSmithKline PLC,NYSE,92673048000
GPN,Global Payments Inc,NYSE,11023176523.92
GMED,Globus Medical Inc,NYSE,2027659708.48
GDDY,GoDaddy Inc,NYSE,5997991193.04
GOL,Gol Linhas Aereas Inteligentes SA,NYSE,9020561134.2
GFI,Gold Fields Limited,NYSE,2568317740.87
GG,Goldcorp Inc,NYSE,11524414765.5
GS,Goldman Sachs Group Inc (The),NYSE,83947726200.87
GGG,Graco Inc,NYSE,4552167000
GHC,Graham Holdings Company,NYSE,2731836540.75
GPT,Gramercy Property Trust,NYSE,3696536880.96
GVA,Granite Construction Incorporated,NYSE,2355624031.36
GPK,Graphic Packaging Holding Company,NYSE,4068134699.58
GXP,Great Plains Energy Inc,NYSE,5800047353.88
GWB,Great Western Bancorp Inc,NYSE,2301364449.84
GEF,Greif Bros Corporation,NYSE,3131495092.28
GPI,Group 1 Automotive Inc,NYSE,1517139500.28
GRUB,GrubHub Inc,NYSE,3178916703.42
PAC,Grupo Aeroportuario Del Pacifico SA de CV,NYSE,4905945000
ASR,Grupo Aeroportuario del Sureste SA de CV,NYSE,4541400000
AVAL,Grupo Aval Acciones y Valores SA,NYSE,8121430747.53
BSMX,Grupo Financiero Santander Mexico SA B de CV,NYSE,10034006815.8
TV,Grupo Televisa SA,NYSE,12071329600
GSH,Guangshen Railway Company Limited,NYSE,3812359613.4
GWRE,Guidewire Software Inc,NYSE,4181706477.82
HRB,H&R Block Inc,NYSE,5124595748.72
FUL,H B Fuller Company,NYSE,2433075933.42
HAE,Haemonetics Corporation,NYSE,2010000873.54
HAL,Halliburton Company,NYSE,43084298395.6
HYH,Halyard Health Inc,NYSE,1689138682.77
HBI,Hanesbrands Inc,NYSE,9157611711.4
HOG,Harley-Davidson Inc,NYSE,10562212741.25
HAR,Harman International Industries Incorporated,NYSE,7631586434.91
HRS,Harris Corporation,NYSE,12930995525.35
HIG,Hartford Financial Services Group Inc (The),NYSE,17965046494.52
HE,Hawaiian Electric Industries Inc,NYSE,3326275710.45
HCA,HCA Holdings Inc,NYSE,26261720713
HCP,HCP Inc,NYSE,13758352280.4
HDB,HDFC Bank Limited,NYSE,52796961763.35
HW,Headwaters Incorporated,NYSE,1744104455.52
HR,Healthcare Realty Trust Incorporated,NYSE,3385970851.14
HTA,Healthcare Trust of America Inc,NYSE,4042079793.56
HLS,HealthSouth Corporation,NYSE,3617894296.86
HL,Hecla Mining Company,NYSE,2474495837.5
HEI,Heico Corporation,NYSE,5212763055.31
HP,Helmerich & Payne Inc,NYSE,7507354815.27
HLF,Herbalife LTD,NYSE,4797626393.72
HSY,Hershey Company (The),NYSE,20739059508.72
HTZ,Hertz Global Holdings Inc,NYSE,2175379532.4
HES,Hess Corporation,NYSE,16660600071.96
HPE,Hewlett Packard Enterprise Company,NYSE,38090838233.96
HXL,Hexcel Corporation,NYSE,4591718038.08
HIW,Highwoods Properties Inc,NYSE,4781739938.32
HI,Hillenbrand Inc,NYSE,2273158021.05
HRC,Hill-Rom Holdings Inc,NYSE,3535492985.4
HTH,Hilltop Holdings Inc,NYSE,2780772160.32
HLT,Hilton Worldwide Holdings Inc,NYSE,24596112395.75
HNI,HNI Corporation,NYSE,2382268403.94
HEP,Holly Energy Partners LP,NYSE,2115702951.1
HFC,HollyFrontier Corporation,NYSE,5175555991.4
HD,Home Depot Inc (The),NYSE,161835441392.28
HMC,Honda Motor Company Ltd,NYSE,51401125961.88
HON,Honeywell International Inc,NYSE,85754272256.68
HMN,Horace Mann Educators Corporation,NYSE,1600265385.4
HRL,Hormel Foods Corporation,NYSE,18977142767.88
HST,Host Hotels & Resorts Inc,NYSE,12525917412.75
HLI,Houlihan Lokey Inc,NYSE,1860730989.3
HHC,Howard Hughes Corporation (The),NYSE,4379100132
HPQ,HP Inc,NYSE,27288467127.9
HRG,HRG Group Inc,NYSE,3168361925.76
HSBC,HSBC Holdings plc,NYSE,157434098000
HNP,Huaneng Power International Inc,NYSE,9272233898.4
HUBB,Hubbell Inc,NYSE,6238716769.6
HUBS,HubSpot Inc,NYSE,2045711369.85
HBM,HudBay Minerals Inc,NYSE,1559129140.8
HPP,Hudson Pacific Properties Inc,NYSE,3934195064.16
HUM,Humana Inc,NYSE,30671603532.09
HII,Huntington Ingalls Industries Inc,NYSE,8295819212.52
HUN,Huntsman Corporation,NYSE,4632149351.55
H,Hyatt Hotels Corporation,NYSE,7023197216.67
IAG,Iamgold Corporation,NYSE,1744068906
IBN,ICICI Bank Limited,NYSE,22619449192.7
IDA,IDACORP Inc,NYSE,3902104878.56
IEX,IDEX Corporation,NYSE,7128649907.5
ITW,Illinois Tool Works Inc,NYSE,43679030343.36
IMAX,Imax Corporation,NYSE,2281696836.45
IBA,Industrias Bachoco SA de CV,NYSE,2323500000
INFY,Infosys Limited,NYSE,32136263323.8
ING,ING Group NV,NYSE,53408529885
IR,Ingersoll-Rand plc (Ireland),NYSE,19534978574.52
NGVT,Ingevity Corporation,NYSE,2178651575.52
IM,Ingram Micro Inc,NYSE,5762108653.56
INGR,Ingredion Incorporated,NYSE,8624526240
IPHI,Inphi Corporation,NYSE,1919221917.12
NSP,Insperity Inc,NYSE,1565974982.4
ICE,Intercontinental Exchange Inc,NYSE,162053677564
IHG,Intercontinental Hotels Group,NYSE,8094886593.2
IFF,Internationa Flavors & Fragrances Inc,NYSE,9557860814.04
IBM,International Business Machines Corporation,NYSE,154675509811.17
IGT,International Game Technology,NYSE,5486231450.42
IP,International Paper Company,NYSE,19976747554.96
IOC,InterOil Corporation,NYSE,2439668772.1
IPG,Interpublic Group of Companies Inc (The),NYSE,9651312297.77
INXN,InterXion Holding NV,NYSE,2463945840
XON,Intrexon Corporation,NYSE,3598780507.4
IVR,INVESCO MORTGAGE CAPITAL INC,NYSE,1668253800.85
IVZ,Invesco Plc,NYSE,12962830812.13
IRM,Iron Mountain Incorporated,NYSE,8714854547.2
ICL,Israel Chemicals Shs,NYSE,5068846781.7
ITCB,Ita? CorpBanca,NYSE,4167574973.2
ITT,ITT Inc,NYSE,3499776000
JPM,J P Morgan Chase & Co,NYSE,281001093751.34
JCP,JC Penney Company Inc Holding Company,NYSE,2991816000
SJM,JM Smucker Company (The),NYSE,14775769767.76
JBL,Jabil Circuit Inc,NYSE,3971405580
JEC,Jacobs Engineering Group Inc,NYSE,7203120646.04
JHX,James Hardie Industries plc,NYSE,6547451612.36
JNS,Janus Capital Group Inc,NYSE,2589485024.9
JBT,John Bean Technologies Corporation,NYSE,2600790752.4
JNJ,Johnson & Johnson,NYSE,306712747014.72
JCI,Johnson Controls International plc,NYSE,42344950000
JLL,Jones Lang LaSalle Incorporated,NYSE,4632910203.6
JOY,Joy Global Inc,NYSE,2752485080.24
JNPR,Juniper Networks Inc,NYSE,10017711771
KSU,Kansas City Southern,NYSE,9327104241.9
KS,KapStone Paper and Packaging Corporation,NYSE,1924816632.72
KAR,KAR Auction Services Inc,NYSE,5595570436.5
KATE,Kate Spade & Company,NYSE,2141072953.56
KYN,Kayne Anderson MLP Investment Company,NYSE,2280874223.6
KB,KB Financial Group Inc,NYSE,12983183422.3
KBR,KBR Inc,NYSE,2371144835.82
K,Kellogg Company,NYSE,26138925740.85
KMPR,Kemper Corporation,NYSE,2067956052.4
KMT,Kennametal Inc,NYSE,2729743880.25
KW,Kennedy-Wilson Holdings Inc,NYSE,2533498822.2
KEY,KeyCorp,NYSE,18566631232.28
KEYS,Keysight Technologies Inc,NYSE,6211020000
KRC,Kilroy Realty Corporation,NYSE,6721128317.28
KMB,Kimberly-Clark Corporation,NYSE,41023122952.2
KIM,Kimco Realty Corporation,NYSE,11088924896.12
KMI,Kinder Morgan Inc,NYSE,48866453957.86
KGC,Kinross Gold Corporation,NYSE,4282831734
KEX,Kirby Corporation,NYSE,3514038750
KRG,Kite Realty Group Trust,NYSE,2053560335.88
KKR,KKR & Co LP,NYSE,6940758470.16
KNX,Knight Transportation Inc,NYSE,2793209843.4
KN,Knowles Corporation,NYSE,1460434404.2
KSS,Kohl&#39;s Corporation,NYSE,9996149496.96
PHG,Koninklijke Philips NV,NYSE,26960985070
KEP,Korea Electric Power Corporation,NYSE,25999545118.5
KFY,Korn/Ferry International,NYSE,1467230040.92
KOS,Kosmos Energy Ltd,NYSE,1945110909.1
KR,Kroger Company (The),NYSE,31601480183.65
KRO,Kronos Worldwide Inc,NYSE,1412749054.62
KT,KT Corporation,NYSE,7174099140
KYO,Kyocera Corporation,NYSE,17981277827.7
LB,L Brands Inc,NYSE,20255379619.14
LLL,L-3 Communications Holdings Inc,NYSE,11755587684.56
LH,Laboratory Corporation of America Holdings,NYSE,12847190000
LADR,Ladder Capital Corp,NYSE,1627389432.9
LW,Lamb Weston Holdings Inc,NYSE,4774200000
LPI,Laredo Petroleum Inc,NYSE,3645851629.53
LVS,Las Vegas Sands Corp,NYSE,49809734841.06
LHO,LaSalle Hotel Properties,NYSE,3234414951.88
LFL,LATAM Airlines Group SA,NYSE,4789909850.82
LAZ,Lazard Ltd,NYSE,4990280990.54
LEA,Lear Corporation,NYSE,9047413069.45
LM,Legg Mason Inc,NYSE,3247366658.85
LEG,Leggett & Platt Incorporated,NYSE,6583755021.25
LDOS,Leidos Holdings Inc,NYSE,7438495009.32
LC,LendingClub Corporation,NYSE,2349963334
LEN,Lennar Corporation,NYSE,9916090470
LII,Lennox International Inc,NYSE,6623765447.61
LUK,Leucadia National Corporation,NYSE,7571261713.65
LVLT,Level 3 Communications Inc,NYSE,20378982659.3
LXP,Lexington Realty Trust,NYSE,2470494065.62
LXK,Lexmark International Inc,NYSE,2542222882.17
LPL,LG Display Co Ltd,NYSE,8587576800
LPT,Liberty Property Trust,NYSE,5710700544.15
LSI,Life Storage Inc,NYSE,3740945763.5
LOCK,LifeLock Inc,NYSE,2246326351.62
LNC,Lincoln National Corporation,NYSE,14547866404.8
LN,LINE Corporation,NYSE,8859597600
LNKD,LinkedIn Corporation,NYSE,26256652274.24
LGF,Lions Gate Entertainment Corporation,NYSE,3511040855.49
LAD,Lithia Motors Inc,NYSE,2284287126.68
LYV,Live Nation Entertainment Inc,NYSE,5665718918.25
LYG,Lloyds Banking Group Plc,NYSE,53590992306
LMT,Lockheed Martin Corporation,NYSE,77539386509.64
L,Loews Corporation,NYSE,14977843640.9
LPX,Louisiana-Pacific Corporation,NYSE,2837398266.15
LOW,Lowe&#39;s Companies Inc,NYSE,62498070000
LTC,LTC Properties Inc,NYSE,1787332003.17
LXFT,Luxoft Holding Inc,NYSE,1841462505.35
LUX,Luxottica Group SpA,NYSE,24645228033.72
LYB,LyondellBasell Industries NV,NYSE,34953318298.71
MTB,M&T Bank Corporation,NYSE,22061867855.22
MAC,Macerich Company (The),NYSE,9957273334.56
CLI,Mack-Cali Realty Corporation,NYSE,2386610186.7
MIC,Macquarie Infrastructure Company,NYSE,6687502918.56
BMA,Macro Bank Inc,NYSE,4283677810.56
M,Macy&#39;s Inc,NYSE,13591422000
MMP,Magellan Midstream Partners LP,NYSE,15701145329.88
MGA,Magna International Inc,NYSE,15806909716.96
MAIN,Main Street Capital Corporation,NYSE,1895511929.52
MNK,Mallinckrodt plc,NYSE,6031945920
MANU,Manchester United Ltd,NYSE,2509586784
MFS,Manitowoc Food Service Inc,NYSE,2462634439.72
MAN,ManpowerGroup,NYSE,5824714860.16
MFC,Manulife Financial Corp,NYSE,34549062684.15
MRO,Marathon Oil Corporation,NYSE,14021346816.4
MPC,Marathon Petroleum Corporation,NYSE,25266513097.43
MHG,Marine Harvest ASA,NYSE,7948512614.32
MKL,Markel Corporation,NYSE,12555971202.6
VAC,Marriot Vacations Worldwide Corporation,NYSE,2136564897.48
MMC,Marsh & McLennan Companies Inc,NYSE,35782214231
MLM,Martin Marietta Materials Inc,NYSE,14043794097.6
MAS,Masco Corporation,NYSE,10689681162.16
DOOR,Masonite International Corporation,NYSE,2028944661.15
MTZ,MasTec Inc,NYSE,2916555059.4
MA,Mastercard Incorporated,NYSE,117464092713
MTDR,Matador Resources Company,NYSE,2400291957.84
MATX,Matson Inc,NYSE,1642931679.35
MMS,Maximus Inc,NYSE,3720898277.62
MXL,MaxLinear Inc,NYSE,1439729199.79
MKC,McCormick & Company Incorporated,NYSE,11704571085.68
MDR,McDermott International Inc,NYSE,1534919690.64
MCD,McDonald&#39;s Corporation,NYSE,99395797715.63
MCK,McKesson Corporation,NYSE,31952870056.8
MDU,MDU Resources Group Inc,NYSE,5595470372.4
MJN,Mead Johnson Nutrition Company,NYSE,13342574143.43
MEG,Media General Inc,NYSE,2344424801.39
MPW,Medical Properties Trust Inc,NYSE,3971070636.8
MD,Mednax Inc,NYSE,5985290015.76
MDT,Medtronic plc,NYSE,101710460380.8
MRK,Merck & Company Inc,NYSE,170115384798.9
MCY,Mercury General Corporation,NYSE,3244403121.4
MDP,Meredith Corporation,NYSE,2415955720.5
MTH,Meritage Corporation,NYSE,1440899424
MET,MetLife Inc,NYSE,60243612205.77
MTD,Mettler-Toledo International Inc,NYSE,10919240072
MFA,MFA Financial Inc,NYSE,2898670730.01
MTG,MGIC Investment Corporation,NYSE,3096623888.46
MGP,MGM Growth Properties LLC,NYSE,1435200024.96
MGM,MGM Resorts International,NYSE,16461358473.78
KORS,Michael Kors Holdings Limited,NYSE,7928219536.23
MAA,Mid-America Apartment Communities Inc,NYSE,6865272591.36
MTX,Minerals Technologies Inc,NYSE,2801757005.2
MTU,Mitsubishi UFJ Financial Group Inc,NYSE,84354072003.54
MFG,Mizuho Financial Group Inc,NYSE,45782764584.16
MBT,Mobile TeleSystems OJSC,NYSE,7552741569.11
MBLY,Mobileye NV,NYSE,8526295872.8
MHK,Mohawk Industries Inc,NYSE,14847154810.23
MOH,Molina Healthcare Inc,NYSE,2954692000
TAP,Molson Coors Brewing  Company,NYSE,16274137021.5
MORE          ,Monogram Residential Trust Inc,NYSE,1778456249.7
MON,Monsanto Company,NYSE,44564729041.25
MCO,Moody&#39;s Corporation,NYSE,19437392000
MS,Morgan Stanley,NYSE,75924175056.06
MOS,Mosaic Company (The),NYSE,9586029086.13
MSI,Motorola Solutions Inc,NYSE,13328525874.15
MPLX,MPLX LP,NYSE,11808077554.5
MRC,MRC Global Inc,NYSE,1847833571.64
MSA,MSA Safety Incorporporated,NYSE,2374596054.22
MSM,MSC Industrial Direct Company Inc,NYSE,4921980929.03
MSCI,MSCI Inc,NYSE,7530852598.92
MSG,MSG Networks Inc,NYSE,4143553307.52
MSGN,MSG Networks Inc,NYSE,1471392207.6
MLI,Mueller Industries Inc,NYSE,2183833131.7
MWA,MUELLER WATER PRODUCTS,NYSE,2184473119.01
MUR,Murphy Oil Corporation,NYSE,5322704318.25
MUSA,Murphy USA Inc,NYSE,2653718443.75
NBR,Nabors Industries Ltd,NYSE,4013342250
NFG,National Fuel Gas Company,NYSE,4878916772.08
NGG,National Grid Transco PLC,NYSE,45707195614.08
NHI,National Health Investors Inc,NYSE,2856693083.4
NOV,National Oilwell Varco Inc,NYSE,13728799659.7
NNN,National Retail Properties,NYSE,6190982001.76
SID,National Steel Company,NYSE,5021392273.9
NSM,Nationstar Mortgage Holdings Inc,NYSE,1642845377.7
NAV,Navistar International Corporation,NYSE,2477886381.96
NCR,NCR Corporation,NYSE,4817562000
NP,Neenah Paper Inc,NYSE,1428689700
NNI,Nelnet Inc,NYSE,2216414546.85
NVRO,Nevro Corp,NYSE,2489059851.46
EDU,New Oriental Education & Technology Group Inc,NYSE,8084513035.95
NEWR,New Relic Inc,NYSE,1704933451.58
NRZ,New Residential Investment Corp,NYSE,3841844152.44
NYCB,New York Community Bancorp Inc,NYSE,7758818679.06
NYRT,New York REIT Inc,NYSE,1643640590.7
NYT,New York Times Company (The),NYSE,2037824679
NWL,Newell Brands Inc,NYSE,23203440000
NFX,Newfield Exploration Company,NYSE,8235810499.21
NJR,NewJersey Resources Corporation,NYSE,2952749800
NEU,NewMarket Corporation,NYSE,4828208018.46
NEM,Newmont Mining Corporation,NYSE,17620902456.8
NEP,NextEra Energy Partners LP,NYSE,1410704239.95
NEE,NextEra Energy Inc,NYSE,53189113821.91
NGL,NGL ENERGY PARTNERS LP,NYSE,2019952313.6
NLSN,Nielsen NV,NYSE,15337317352.28
NKE,Nike Inc,NYSE,86119602792.26
NTT,Nippon Telegraph and Telephone Corporation,NYSE,81564862739.36
NI,NiSource Inc,NYSE,7045365628.25
NBL,Noble Energy Inc,NYSE,15366136797.12
NOK,Nokia Corporation,NYSE,24302000000
NOMD,Nomad Foods Limited,NYSE,1949920541.1
NMR,Nomura Holdings Inc ADR,NYSE,19162788304.66
OSB,Norbord Inc,NYSE,2128312977.56
NORD,Nord Anglia Education Inc,NYSE,2487783671.3
JWN,Nordstrom Inc,NYSE,10028280000
NSC,Norfolk Souther Corporation,NYSE,30338637061.2
NTL,Nortel Inversora SA,NYSE,3073986460
NOC,Northrop Grumman Corporation,NYSE,43725301192.29
NSAM,NorthStar Asset Management Group Inc,NYSE,2857961806.08
NRF,Northstar Realty Finance Corp,NYSE,2727549898.23
NWN,Northwest Natural Gas Company,NYSE,1672759213.8
NWE,NorthWestern Corporation,NYSE,2749842829.8
NVS,Novartis AG,NYSE,161747795000
NVO,Novo Nordisk A/S,NYSE,82628000000
DNOW,NOW Inc,NYSE,2206440234.56
NRG,NRG Energy Inc,NYSE,3441483097.27
NYLD,NRG Yield Inc,NYSE,2907283200
DCM,NTT DOCOMO Inc,NYSE,85045044159
NUS,Nu Skin Enterprises Inc,NYSE,2965461257.08
NUE,Nucor Corporation,NYSE,19844810194.98
NS,Nustar Energy LP,NYSE,3733586488.49
NUV,Nuveen AMT-Free Municipal Value Fund,NYSE,1971053457.28
NEA,Nuveen AMT-Free Quality Municipal Income Fund,NYSE,3526458576.74
NAC,Nuveen California Quality Municipal Income Fund,NYSE,1512867019.52
NVG,Nuveen Dividend Advantage Municipal Income Fund,NYSE,2862072406.35
NZF,Nuveen Enhanced Municipal Credit Opportunities Fun,NYSE,1989762684
NAD,Nuveen Quality Municipal Income Fund,NYSE,2729448249.84
JPS,Nuveen Quality Preferred Income Fund 2,NYSE,1787389415.87
NVR,NVR Inc,NYSE,6046172776.35
OAK,Oaktree Capital Group LLC,NYSE,6329820531.95
OAS,Oasis Petroleum Inc,NYSE,3084566107.95
OXY,Occidental Petroleum Corporation,NYSE,52950620818.55
OII,Oceaneering International Inc,NYSE,2539885390.7
OZM,Och-Ziff Capital Management Group LLC,NYSE,1427489407.18
OGE,OGE Energy Corporation,NYSE,6246708557.52
OIS,Oil States International Inc,NYSE,1721055465
ORI,Old Republic International Corporation,NYSE,4739932346.5
OLN,Olin Corporation,NYSE,4237584541.12
OMAM,OM Asset Management plc,NYSE,1772327033.75
OHI,Omega Healthcare Investors Inc,NYSE,5614255047.45
OMC,Omnicom Group Inc,NYSE,20693825654.55
ASGN,On Assignment Inc,NYSE,2238710635.64
OGS,ONE Gas Inc,NYSE,3219353722.26
OB,OneBeacon Insurance Group Ltd,NYSE,1468046617.64
OMF,OneMain Holdings Inc,NYSE,2722044859.2
OKS,ONEOK Partners LP,NYSE,12013276530.96
OKE,ONEOK Inc,NYSE,11254504569.66
ORCL,Oracle Corporation,NYSE,164592181030
ORAN,Orange,NYSE,39023030307.33
OA,Orbital ATK Inc,NYSE,5021861184
IX,Orix Corp Ads,NYSE,21100188288
ORA,Ormat Technologies Inc,NYSE,2383952671.77
OSK,Oshkosh Corporation,NYSE,5022671248.05
OUT,OUTFRONT Media Inc,NYSE,3408262016.76
OMI,Owens & Minor Inc,NYSE,2090698353.81
OC,Owens Corning Inc,NYSE,5956281951.12
OI,Owens-Illinois Inc,NYSE,3010376282.88
PCG,Pacific Gas & Electric Co,NYSE,29996148288.08
PKG,Packaging Corporation of America,NYSE,7978143022.42
PANW,Palo Alto Networks Inc,NYSE,12694534356.61
PAM,Pampa Energia SA,NYSE,2488843328.82
P,Pandora Media Inc,NYSE,2557357112.88
PGRE,Paramount Group Inc,NYSE,3489143777.94
PH,Parker-Hannifin Corporation,NYSE,18384977962.32
PE,Parsley Energy Inc,NYSE,7432051002
PRTY,Party City Holdco Inc,NYSE,2067326714.2
PAYC,Paycom Software Inc,NYSE,2593202258.52
PBF,PBF Energy Inc,NYSE,2589988782.29
PSO,Pearson Plc,NYSE,7858602950
PEB,Pebblebrook Hotel Trust,NYSE,1994587445.6
PBA,Pembina Pipeline Corp,NYSE,11425165737.27
PAG,Penske Automotive Group Inc,NYSE,4166817502.6
PNR,Pentair plc,NYSE,10539092973.66
PEN,Penumbra Inc,NYSE,2101152503.2
PEP,Pepsico Inc,NYSE,147563101216.8
PFGC,Performance Food Group Company,NYSE,2362514032.15
PKI,PerkinElmer Inc,NYSE,5549568900.14
PRGO,Perrigo Company,NYSE,12594009667.68
PTR,PetroChina Company Limited,NYSE,126833553000
PBR,Petroleo Brasileiro SA- Petrobras,NYSE,68353163913.2
PFE,Pfizer Inc,NYSE,190121566285.56
PM,Philip Morris International Inc,NYSE,139621490100
PSX,Phillips 66,NYSE,44209765400.4
PSXP,Phillips 66 Partners LP,NYSE,4731116562.48
DOC,Physicians Realty Trust,NYSE,2461944153.92
PDM,Piedmont Office Realty Trust Inc,NYSE,2782708597.08
PCI,PIMCO Dynamic Credit and Mortgage Income Fund,NYSE,2747171867.44
PF,Pinnacle Foods Inc,NYSE,5959023282.94
PNW,Pinnacle West Capital Corporation,NYSE,8354636391.42
PXD,Pioneer Natural Resources Company,NYSE,31075855958.7
PBI,Pitney Bowes Inc,NYSE,2767804227.7
PAA,Plains All American Pipeline LP,NYSE,13128086553.67
PLNT,Planet Fitness Inc,NYSE,2059945565.4
PLT,Plantronics Inc,NYSE,1773202804.87
PAH,Platform Specialty Products Corporation,NYSE,2447755580.73
PHI,PLDT Inc,NYSE,5701711902.25
PNC,PNC Financial Services Group Inc (The),NYSE,53884913007.12
PNM,PNM Resources Inc (Holding Co),NYSE,2592725461.2
PII,Polaris Industries Inc,NYSE,5616713211.12
POL,PolyOne Corporation,NYSE,2751333722.2
POR,Portland General Electric Company,NYSE,3756270312.96
PKX,POSCO,NYSE,19582163141
POST,Post Holdings Inc,NYSE,4842578337.84
PPS,Post Properties Inc,NYSE,3456186291.21
POT,Potash Corporation of Saskatchewan Inc,NYSE,15021221749.86
PPG,PPG Industries Inc,NYSE,25507220475.28
PPL,PPL Corporation,NYSE,22645182402.36
PX,Praxair Inc,NYSE,33341995818.53
PDS,Precision Drilling Corporation,NYSE,1466194290
PBH,Prestige Brand Holdings Inc,NYSE,2592714569.04
PVG,Pretium Resources Inc,NYSE,1576153626.04
PRI,Primerica Inc,NYSE,3281672531.15
PFG,Principal Financial Group Inc,NYSE,16593426582.88
PRA,ProAssurance Corporation,NYSE,2936517451.5
PG,Procter & Gamble Company (The),NYSE,221465141286.24
PGR,Progressive Corporation (The),NYSE,19300778000
PLD,ProLogis Inc,NYSE,26293260360
PB,Prosperity Bancshares Inc,NYSE,4581763618.32
PRLB,Proto Labs Inc,NYSE,1437902704
PFS,Provident Financial Services Inc,NYSE,1800157013.52
PRU,Prudential Financial Inc,NYSE,43124700000
PUK,Prudential Public Limited Company,NYSE,49352548369.23
PSB,PS Business Parks Inc,NYSE,2973979309.66
TLK,PT Telekomunikasi Indonesia Tbk,NYSE,57951396711
PEG,Public Service Enterprise Group Incorporated,NYSE,20868218992.5
PSA,Public Storage,NYSE,35572598761.7
PHM,PulteGroup Inc,NYSE,6224522038.54
PBYI,Puma Biotechnology Inc,NYSE,1627359666.4
PSTG,Pure Storage Inc ,NYSE,2848859831.16
PVH,PVH Corp,NYSE,8700833640.15
QEP,QEP Resources Inc,NYSE,4393493463.24
QTS,QTS Realty Trust Inc,NYSE,2284766521.2
KWR,Quaker Chemical Corporation,NYSE,1641224770.8
PWR,Quanta Services Inc,NYSE,4661462105.46
DGX,Quest Diagnostics Incorporated,NYSE,12011765701.2
Q,Quintiles IMS Holdings Inc,NYSE,19743761112
CTX,Qwest Corporation,NYSE,3135496692.24
RDN,Radian Group Inc,NYSE,3104903495.76
RL,Ralph Lauren Corporation,NYSE,9344059355.12
RRC,Range Resources Corporation,NYSE,8808258278.16
RJF,Raymond James Financial Inc,NYSE,10389700039.44
RYN,Rayonier Inc,NYSE,3384046432.62
RTN,Raytheon Company,NYSE,43389280720
RLGY,Realogy Holdings Corp,NYSE,3464487290.81
O,Realty Income Corporation,NYSE,14636714833.2
RHT,Red Hat Inc,NYSE,14211437177.36
RBC,Regal Beloit Corporation,NYSE,3178067849
RGC,Regal Entertainment Group,NYSE,3714394283.26
REG,Regency Centers Corporation,NYSE,6993737037.51
RF,Regions Financial Corporation,NYSE,16187319645.7
RGA,Reinsurance Group of America Incorporated,NYSE,7810228277.2
RS,Reliance Steel & Aluminum Co,NYSE,5979281263.2
RENX,RELX NV,NYSE,32886400000
RELX,RELX PLC,NYSE,35435096000
RNR,RenaissanceRe Holdings Ltd,NYSE,5362153482.54
RSG,Republic Services Inc,NYSE,18844086731.25
RMD,ResMed Inc,NYSE,8185866585
QSR,Restaurant Brands International Inc,NYSE,11199220333.6
RH,Restoration Hardware Holdings Inc,NYSE,1516493019.5
RPAI,Retail Properties of America Inc,NYSE,3617587989.6
REV,Revlon Inc,NYSE,1519824221.7
REXR,Rexford Industrial Realty Inc,NYSE,1487887215.51
RXN,Rexnord Corporation,NYSE,2222725599.57
RAI,Reynolds American Inc,NYSE,77805271241.76
RICE,Rice Energy Inc,NYSE,5078962662.57
RMP,Rice Midstream Partners LP,NYSE,2193968489.68
RNG,Ringcentral Inc,NYSE,1626215063.2
RIO,Rio Tinto Plc,NYSE,86697000000
RBA,Ritchie Bros Auctioneers Incorporated,NYSE,4075527050.28
RAD,Rite Aid Corporation,NYSE,8048827119.6
RLI,RLI Corp,NYSE,2774480360.07
RLJ,RLJ Lodging Trust,NYSE,2725858275.99
RHI,Robert Half International Inc,NYSE,5756063587.12
ROK,Rockwell Automation Inc,NYSE,16889062400.18
COL,Rockwell Collins Inc,NYSE,11574607785.06
RCI,Rogers Communication Inc,NYSE,15536433614.13
ROL,Rollins Inc,NYSE,7068599660.1
ROP,Roper Technologies Inc,NYSE,18642591801.79
RDC,Rowan Companies plc,NYSE,2035877031.21
RY,Royal Bank Of Canada,NYSE,98526155630.76
RBS,Royal Bank Scotland plc (The),NYSE,30493845000
RCL,Royal Caribbean Cruises Ltd,NYSE,17703016980
RES,RPC Inc,NYSE,3963254647.98
RPM,RPM International Inc,NYSE,7080971232.78
RSPP,RSP Permian Inc,NYSE,5405264321.46
R,Ryder System Inc,NYSE,4224539311.13
RHP,Ryman Hospitality Properties Inc,NYSE,2865519551.92
SPGI,S&P Global Inc,NYSE,31301871000
CRM,Salesforcecom Inc,NYSE,52649619000
SBH,Sally Beauty Holdings Inc,NYSE,3854927225.75
SNY,Sanofi,NYSE,102608067440.36
SC,Santander Consumer USA Holdings Inc,NYSE,4977320362.11
SAP,SAP SE,NYSE,104914261412.8
SSL,Sasol Ltd,NYSE,17736123275.91
SCG,Scana Corporation,NYSE,10147101107
SLB,Schlumberger NV,NYSE,113391634518.5
SAIC,SCIENCE APPLICATIONS INTERNATIONAL CORPORATION,NYSE,3659020866.06
SMG,Scotts Miracle-Gro Company (The),NYSE,5464318284.32
SEE,Sealed Air Corporation,NYSE,9085453440
SEAS,SeaWorld Entertainment Inc,NYSE,1534759893
SEM,Select Medical Holdings Corporation,NYSE,1680581094
SEMG,Semgroup Corporation,NYSE,2310172037.85
SRE,Sempra Energy,NYSE,25053608884.87
ST,Sensata Technologies Holding NV,NYSE,6449973795.75
SXT,Sensient Technologies Corporation,NYSE,3463649372.16
SRG,Seritage Growth Properties,NYSE,2720668549.14
SCI,Service Corporation International,NYSE,5156538529.36
SERV,ServiceMaster Global Holdings Inc,NYSE,5159880144.16
NOW,ServiceNow Inc,NYSE,14314180000
SJR,Shaw Communications Inc,NYSE,9113484349.44
SHLX,Shell Midstream Partners LP,NYSE,4899280977.72
SHW,Sherwin-Williams Company (The),NYSE,24971742625.98
SHG,Shinhan Financial Group Co Ltd,NYSE,17512190747.91
SHOP,Shopify Inc,NYSE,3262093150.32
SSTK,Shutterstock Inc,NYSE,1740969104.28
SBGL,Sibanye Gold Limited,NYSE,2102542566.84
SIG,Signet Jewelers Limited,NYSE,6863307637.06
SLW,Silver Wheaton Corp,NYSE,8440999116.49
SPG,Simon Property Group Inc,NYSE,57059248336.86
SSD,Simpson Manufacturing Company Inc,NYSE,2273213559.82
SHI,SINOPEC Shangai Petrochemical Company Ltd,NYSE,5644080000
SITE,SiteOne Landscape Supply Inc,NYSE,1422729759.22
SIX,Six Flags Entertainment Corporation New,NYSE,5283149910.03
SKM,SK Telecom Co Ltd,NYSE,13364850903.58
SKX,Skechers USA Inc,NYSE,3531690034.75
SLG,SL Green Realty Corporation,NYSE,10747244587.23
SM,SM Energy Company,NYSE,3119475449.79
SNN,Smith & Nephew SNATS Inc,NYSE,12651481160.84
AOS,Smith (AO) Corporation,NYSE,8387834311.22
SNA,Snap-On Incorporated,NYSE,9909526748.78
SQM,Sociedad Quimica y Minera SA,NYSE,7330023193.4
SON,Sonoco Products Company,NYSE,5424789378.75
SNE,Sony Corp Ord,NYSE,38106437776.8
BID,Sotheby&#39;s,NYSE,2065717485
SJI,South Jersey Industries Inc,NYSE,2652969698.36
SO,Southern Company (The),NYSE,46647975248
SCCO,Southern Copper Corporation,NYSE,25455432324.17
LUV,Southwest Airlines Company,NYSE,28994653459.8
SWX,Southwest Gas Corporation,NYSE,3593442906.24
SWN,Southwestern Energy Company,NYSE,5479713265.74
STN,SPDR MSCI Europe Energy UCITS ETF,NYSE,3013851518.65
SE,Spectra Energy Corp,NYSE,29462299608
SEP,Spectra Energy Partners LP,NYSE,13437763243.92
SPB           ,Spectrum Brands Holdings Inc,NYSE,7320554170.36
SR,Spire Inc,NYSE,2976785413.6
SPR,Spirit Aerosystems Holdings Inc,NYSE,6996170978.82
SRC,Spirit Realty Capital Inc,NYSE,5246694799.85
S,Sprint Corporation,NYSE,30456742221.45
SQ,Square Inc,NYSE,4387651628.5
JOE,St Joe Company (The),NYSE,1516593650.4
STJ,St Jude Medical Inc,NYSE,22543028851.8
STAG,Stag Industrial Inc,NYSE,1771037758.38
SWK,Stanley Black & Decker Inc,NYSE,18230314570.72
STWD,STARWOOD PROPERTY TRUST INC,NYSE,5304650690.75
STT,State Street Corporation,NYSE,30091158330.28
STO,Statoil ASA,NYSE,54366433106.15
SCS,Steelcase Inc,NYSE,1899268211.4
SCL,Stepan Company,NYSE,1792140914.38
STE,STERIS plc,NYSE,5643586529.28
STL,Sterling Bancorp,NYSE,3014986653.2
SF,Stifel Financial Corporation,NYSE,3363044816.88
SWC,Stillwater Mining Company,NYSE,1850084705.76
STM,STMicroelectronics NV,NYSE,8727330425.32
STOR,STORE Capital Corporation,NYSE,3848914372.14
SYK,Stryker Corporation,NYSE,41451805182.6
SPH,Suburban Propane Partners LP,NYSE,1819425963.82
SMFG,Sumitomo Mitsui Financial Group Inc,NYSE,51885914675.1
SUM,Summit Materials Inc,NYSE,2879703631.41
SMLP,Summit Midstream Partners LP,NYSE,1603961738
SUI,Sun Communities Inc,NYSE,5219934505.92
SLF,Sun Life Financial Inc,NYSE,24146543933
SU,Suncor Energy  Inc,NYSE,52765529833.5
SXL,Sunoco Logistics Partners LP,NYSE,7879057849.67
SUN,Sunoco LP,NYSE,2381738028
SHO,Sunstone Hotel Investors Inc,NYSE,3013806574.56
STI,SunTrust Banks Inc,NYSE,25560747028.32
SPN,Superior Energy Services Inc,NYSE,2420274181.6
SWFT,Swift Transportation Company,NYSE,3269586498.1
SYF,Synchrony Financial,NYSE,28041072920.27
SYT,Syngenta AG,NYSE,35830547689.5
SNX,Synnex Corporation,NYSE,4664404278.82
SNV,Synovus Financial Corp,NYSE,4754965796.64
SYY,Sysco Corporation,NYSE,29588983816.9
DATA,Tableau Software Inc,NYSE,3609047876.13
TAHO,Tahoe Resources Inc,NYSE,3029800216.16
TSM,Taiwan Semiconductor Manufacturing Company Ltd,NYSE,155115533160
XRS,TAL Education Group,NYSE,6209369945.82
TLN,Talen Energy Corporation,NYSE,1793208985.65
TEGP,Tallgrass Energy GP LP,NYSE,3881994873.6
TEP,Tallgrass Energy Partners LP,NYSE,3411058656.5
SKT,Tanger Factory Outlet Centers Inc,NYSE,3302861227.56
TRGP,Targa Resources Inc,NYSE,9372287199.97
TGT,Target Corporation,NYSE,43893511247.95
TARO,Taro Pharmaceutical Industries Ltd,NYSE,4297976367
TTM,Tata Motors Ltd,NYSE,23070251992.17
TCO,Taubman Centers Inc,NYSE,4407204606.09
TMHC,Taylor Morrison Home Corporation,NYSE,2381257212.56
TCP,TC PipeLines LP,NYSE,3748123625.61
TCB,TCF Financial Corporation,NYSE,2932630483.3
TEL,TE Connectivity Ltd,NYSE,23779554965.32
TMH,Team Health Holdings Inc,NYSE,3131246437.9
TCK,Teck Resources Ltd,NYSE,14477268174.51
TGNA,TEGNA Inc,NYSE,4850101478.82
TEO,Telecom Argentina Stet - France Telecom SA,NYSE,3554877431.14
TI,Telecom Italia SPA,NYSE,14232502573.8
TDY,Teledyne Technologies Incorporated,NYSE,4320848082.96
TFX,Teleflex Incorporated,NYSE,6600496799.37
VIV,Telefonica Brasil SA,NYSE,22020570086
TEF,Telefonica SA,NYSE,42139937198.59
TDS,Telephone and Data Systems Inc,NYSE,2912384189.22
TU,TELUS Corporation,NYSE,18444859462.65
TPX,Tempur Sealy International Inc,NYSE,3672058842.48
TS,Tenaris SA,NYSE,17997283973.35
THC,Tenet Healthcare Corporation,NYSE,1608119778.36
TEN,Tenneco Inc,NYSE,3333809626.56
TDC,Teradata Corporation,NYSE,3561858000
TER,Teradyne Inc,NYSE,4972198387.52
TEX,Terex Corporation,NYSE,3107106000
TX,Ternium SA,NYSE,4740830399.55
TNH,Terra Nitrogen Company LP,NYSE,1965237402.72
TSO,Tesoro Corporation,NYSE,10198980298.25
TLLP,Tesoro Logistics LP,NYSE,4752570615.45
TEVA,Teva Pharmaceutical Industries Limited,NYSE,38397450000
TPL,Texas Pacific Land Trust,NYSE,2289797258.39
TXT,Textron Inc,NYSE,12216108743.52
AES,The AES Corporation,NYSE,7521197475.4
BX,The Blackstone Group LP,NYSE,31691093354.85
SCHW,The Charles Schwab Corporation,NYSE,50693702442.4
THG,The Hanover Insurance Group Inc,NYSE,3650213938.8
TRV,The Travelers Companies Inc,NYSE,31928205073.6
TMO,Thermo Fisher Scientific Inc,NYSE,56488607175
TRI,Thomson Reuters Corp,NYSE,31384709620.92
THO,Thor Industries Inc,NYSE,4648385210.55
TIF,Tiffany & Co,NYSE,9601673127.2
TSU,TIM Participacoes SA,NYSE,5960581953.45
TWX,Time Warner Inc,NYSE,71198392921.11
TKR,Timken Company (The),NYSE,3085354322.05
TJX,TJX Companies Inc (The),NYSE,52078508525.89
TOL,Toll Brothers Inc,NYSE,4887021200
TR,Tootsie Roll Industries Inc,NYSE,1462132943.7
BLD,TopBuild Corp,NYSE,1415553313.22
TMK,Torchmark Corporation,NYSE,8385401287.14
TTC,Toro Company (The),NYSE,11650573997.84
TD,Toronto Dominion Bank (The),NYSE,87775806364.03
TYG,Tortoise Energy Infrastructure Corporation,NYSE,1546512914.47
TSS,Total System Services Inc,NYSE,9435313931.49
TOT,TotalFinaElf SA,NYSE,112691497535.92
TM,Toyota Motor Corp Ltd Ord,NYSE,170858503308.3
TRP,TransCanada Corporation,NYSE,39153975389
TDG,Transdigm Group Incorporated,NYSE,13470302330
RIG,Transocean Ltd,NYSE,4214108359.03
TRU,TransUnion,NYSE,5732068688.58
TVPT,Travelport Worldwide Limited,NYSE,1689320756.82
THS,Treehouse Foods Inc,NYSE,3942778090
TREX,Trex Company Inc,NYSE,2039973372.6
TPH,TRI Pointe Group Inc,NYSE,1851948324.46
TRCO,Tribune Media Company,NYSE,3007054775.2
TNET,TriNet Group Inc,NYSE,1702146338.57
TRN,Trinity Industries Inc,NYSE,4040893693.82
TSE,Trinseo SA,NYSE,2551932380.25
TGI,Triumph Group Inc,NYSE,1409557412.2
TUP,Tupperware Brands Corporation,NYSE,2988683408.24
TKC,Turkcell Iletisim Hizmetleri AS,NYSE,6221600000
TRQ,Turquoise Hill Resources Ltd,NYSE,6962608062.74
TWLO,Twilio Inc,NYSE,3257758245.48
TWTR,Twitter Inc,NYSE,13318642331.1
TWO,Two Harbors Investments Corp,NYSE,2954971594.5
TYL,Tyler Technologies Inc,NYSE,5578719294
TSN,Tyson Foods Inc,NYSE,21665263717.68
USB,US Bancorp,NYSE,83335132666.25
SLCA,US Silica Holdings Inc,NYSE,3310751128.04
UBS,UBS AG,NYSE,58488870814.14
UGI,UGI Corporation,NYSE,7846318948.72
UGP,Ultrapar Participacoes SA,NYSE,11612174353.52
UA,Under Armour Inc,NYSE,13508246045.35
UNF,Unifirst Corporation,NYSE,2874235802.8
UN,Unilever NV,NYSE,118061224900.83
UL,Unilever PLC,NYSE,118545206350.59
UNP,Union Pacific Corporation,NYSE,82815058291.68
UAL,United Continental Holdings Inc,NYSE,22051348018.5
UDR,United Dominion Realty Trust Inc,NYSE,9000926044.64
UMC,United Microelectronics Corporation,NYSE,4547252076
UPS,United Parcel Service Inc,NYSE,100032496640.73
URI,United Rentals Inc,NYSE,7922156375.94
USM,United States Cellular Corporation,NYSE,3102646171.16
X,United States Steel Corporation,NYSE,5554906419.23
UTX,United Technologies Corporation,NYSE,88055004167.78
UNH,UnitedHealth Group Incorporated,NYSE,144923537657.2
UNVR,Univar Inc,NYSE,3436757584.4
UHS,Universal Health Services Inc,NYSE,11758167070.08
UNM,Unum Group,NYSE,9888274128.6
UE,Urban Edge Properties,NYSE,2687099561.46
USFD,US Foods Holding Corp,NYSE,5201953924.14
USG,USG Corporation,NYSE,4055164949.04
VFC,VF Corporation,NYSE,24015938352.75
MTN,Vail Resorts Inc,NYSE,5933826692.64
VALE,VALE SA,NYSE,42721478136.54
VRX,Valeant Pharmaceuticals International Inc,NYSE,6083435298.21
VLO,Valero Energy Corporation,NYSE,29536375524.75
VLP,Valero Energy Partners LP,NYSE,2789160860.06
VR,Validus Holdings Ltd,NYSE,4288029734.01
VLY,Valley National Bancorp,NYSE,2873640482.35
VMI,Valmont Industries Inc,NYSE,3302370008.1
VAL,Valspar Corporation (The),NYSE,8149599212.3
VVV,Valvoline Inc,NYSE,4294500000
VNTV,Vantiv Inc,NYSE,11233007607.87
VAR,Varian Medical Systems Inc,NYSE,8403325323.43
VGR,Vector Group Ltd,NYSE,2745992395.56
VVC,Vectren Corporation,NYSE,4082083541.94
VEDL,Vedanta  Limited,NYSE,9228562500
VEEV,Veeva Systems Inc,NYSE,5660038861.68
VTR,Ventas Inc,NYSE,21444879980.08
VER,VEREIT Inc,NYSE,8202546561.92
PAY,Verifone Systems Inc,NYSE,1958670731.9
VZ,Verizon Communications Inc,NYSE,201752614284.48
VET,Vermilion Energy Inc,NYSE,4758311292.41
VSM,Versum Materials Inc,NYSE,2712377376.71
VIPS,Vipshop Holdings Limited,NYSE,7096152517.1
V,Visa Inc,NYSE,164230193851.52
VSH,Vishay Intertechnology Inc,NYSE,2160426092.8
VSTO,Vista Outdoor Inc,NYSE,2368842027.8
VC,Visteon Corporation,NYSE,2688374162.24
VMW,Vmware Inc,NYSE,33003468719.1
VG,Vonage Holdings Corp,NYSE,1471211937
VNO,Vornado Realty Trust,NYSE,18211484388.24
VOYA,Voya Financial Inc,NYSE,7376159094.8
VMC,Vulcan Materials Company,NYSE,16935587072
WPC,WP Carey Inc,NYSE,6280119176.75
WRB,WR Berkley Corporation,NYSE,7435241368.8
GRA,WR Grace & Co,NYSE,4748977238.75
GWW,WW Grainger Inc,NYSE,13406723823.24
WBC,Wabco Holdings Inc,NYSE,5619364072.04
WDR,Waddell & Reed Financial Inc,NYSE,1639565274.6
WAGE,WageWorks Inc,NYSE,2691385308.3
WMT,Wal-Mart Stores Inc,NYSE,216899218073.72
DIS,Walt Disney Company (The),NYSE,156336000000
WPG,Washington Prime Group Inc,NYSE,1908045486.69
WRE,Washington Real Estate Investment Trust,NYSE,2308984725.6
WCN,Waste Connections Inc,NYSE,13641101421.12
WM,Waste Management Inc,NYSE,30750154693.02
WAT,Waters Corporation,NYSE,10902179451.9
WSO,Watsco Inc,NYSE,5210416952.1
WTS,Watts Water Technologies Inc,NYSE,2336126110.5
W,Wayfair Inc,NYSE,2987131074.84
WFT,Weatherford International plc,NYSE,4387686578.91
WBS,Webster Financial Corporation,NYSE,4473495357.52
WEC,WEC Energy Group Inc,NYSE,17860782950.41
WRI,Weingarten Realty Investors,NYSE,4518141773.04
WMK,Weis Markets Inc,NYSE,1614175564.43
WCG,WellCare Health Plans Inc,NYSE,5873234959.8
WFC,Wells Fargo & Company,NYSE,262264664069.94
HCN,Welltower Inc,NYSE,22629226154.78
WCC,WESCO International Inc,NYSE,3185299380.8
WST,West Pharmaceutical Services Inc,NYSE,5893516861.48
WR,Westar Energy Inc,NYSE,8081802684
WAL,Western Alliance Bancorporation,NYSE,4776477335.78
WGP,Western Gas Equity Partners LP,NYSE,9378631460.52
WES,Western Gas Partners LP,NYSE,8047177077.96
WNR,Western Refining Inc,NYSE,4111681602.24
WU,Western Union Company (The),NYSE,10312869465.9
WAB,Westinghouse Air Brake Technologies Corporation,NYSE,7736027482.35
WLK,Westlake Chemical Corporation,NYSE,7182483016.52
WBK,Westpac Banking Corporation,NYSE,77395088424.71
WRK,Westrock Company,NYSE,12758324710.56
WEX,WEX Inc,NYSE,4593541186.59
WY,Weyerhaeuser Company,NYSE,24035114110.77
WGL,WGL Holdings Inc,NYSE,3442348590
WHR,Whirlpool Corporation,NYSE,12316238208.54
WTM,White Mountains Insurance Group Ltd,NYSE,3780292634.4
WWAV,Whitewave Foods Company (The),NYSE,9733403663.96
WLL,Whiting Petroleum Corporation,NYSE,2877561107.96
WMB,Williams Companies Inc (The),NYSE,23013165114.65
WPZ,Williams Partners LP,NYSE,22891340533.53
WSM,Williams-Sonoma Inc,NYSE,4834609020
WIT,Wipro Limited,NYSE,22620778502.4
WWW,Wolverine World Wide Inc,NYSE,2440858617.62
WF,Woori Bank,NYSE,6957136002
WDAY,Workday Inc,NYSE,16630000000
INT,World Fuel Services Corporation,NYSE,3115829640
WOR,Worthington Industries Inc,NYSE,3958981398.55
WPX,WPX Energy Inc,NYSE,4546895892
WYN,Wyndham Worldwide Corp,NYSE,8011030143.87
XEL,Xcel Energy Inc,NYSE,19957465315.55
XHR,Xenia Hotels & Resorts Inc,NYSE,1865279150.6
XRX,Xerox Corporation,NYSE,9438259438.44
XL,XL Group Ltd,NYSE,9974049084.34
XPO,XPO Logistics Inc,NYSE,4714364603.2
XYL,Xylem Inc,NYSE,9493574721.12
YDKN,Yadkin Financial Corporation,NYSE,1674116964.3
AUY,Yamana Gold Inc,NYSE,2937558130.7
YZC,Yanzhou Coal Mining Company Limited,NYSE,3683881600
YELP,Yelp Inc,NYSE,3008057406.12
YRD,Yirendai Ltd,NYSE,1638000000
YPF,YPF Sociedad Anonima,NYSE,6721715632.37
YUMC,Yum China Holdings Inc,NYSE,11486594881.52
YUM,Yum! Brands Inc,NYSE,23022255705.03
ZAYO,Zayo Group Holdings Inc,NYSE,8390054221.08
ZEN,Zendesk Inc,NYSE,2164189443.4
ZBH,Zimmer Biomet Holdings Inc,NYSE,20192199248.46
ZTS,Zoetis Inc,NYSE,24508909009.83
ZTO,ZTO Express (Cayman) Inc,NYSE,11022295050.8
BTG,B2Gold Corp,AMEX,2370242726.8
BTI,British American Tobacco plc,AMEX,92497186495.42
CEF,Central Fund of Canada Limited,AMEX,3048878061.24
CQH,Cheniere Energy Partners LP Holdings LLC,AMEX,4861066000
CQP,Cheniere Energy Partners LP,AMEX,9577239893.55
LNG,Cheniere Energy Inc,AMEX,9359457767.73
EVV,Eaton Vance Limited Duration Income Fund,AMEX,1546165139.4
SIM,Grupo Simec SA de CV,AMEX,1693870354.91
IMO,Imperial Oil Limited,AMEX,28920078255.32
NGD,New Gold Inc,AMEX,1991084371
NG,Novagold Resources Inc,AMEX,1449671614.77
PRK,Park National Corporation,AMEX,1764183720
SEB,Seaboard Corporation,AMEX,4445748900
SYRG,Synergy Resources Corporation,AMEX,1726968693.24
TXMD,TherapeuticsMD Inc,AMEX,1437001349.72
